snapshot,i,j,d_meas_m,d_gt_m,d_err_signed_mm,d_err_abs_mm,zang_meas_deg,zang_gt_deg,zang_err_deg,zang_err_abs_deg,tx_err_mm,ty_err_mm,tz_err_mm,t_err_norm_mm,roll_err_deg,pitch_err_deg,yaw_err_deg,geo_err_deg
1,0,1,0.05795740686103205,0.05750000000000001,0.4574068610320378,0.4574068610320378,0.6428346358169502,0.0,0.6428346358169502,0.6428346358169502,0.37945167810377045,2.0968325591756987,-2.152527982636987,3.0288722444616796,-0.2241025605357779,-0.6025083091396296,59.94457680916376,59.94652500925747
1,0,2,0.11564551219658921,0.11500000000000002,0.6455121965891902,0.6455121965891902,0.8923352884169126,0.0,0.8923352884169126,0.8923352884169126,0.6443539923944863,0.30911950164203006,0.41512170133295445,0.8264822809520463,-0.3453712306747138,0.8227935218585427,179.85025541001102,179.85273976928121
1,0,3,0.05237724635116044,0.052500000000000005,-0.12275364883956169,0.12275364883956169,0.3256968911836451,0.0,0.3256968911836451,0.3256968911836451,-0.12046985719737363,0.12654210256603238,-0.6183285610158462,0.6425387922786568,0.17551613804290614,0.2743588629297142,89.91785772525627,89.91790101845716
1,0,4,0.07724338166682725,0.0778620575119872,-0.618675845159955,0.618675845159955,0.4461154275785214,0.0,0.4461154275785214,0.4461154275785214,0.2363364414180516,1.2227291619190255,-1.92274830610073,2.290825738803058,0.2629797926306679,-0.36036303267554376,-0.12447921230167858,0.4629349456902004
1,0,5,0.1268025068044545,0.12641696879770534,0.3855380067491754,0.3855380067491754,0.8219920659439625,0.0,0.8219920659439625,0.8219920659439625,0.5723970047574328,0.3293360909183002,-0.3443976685507666,0.7447887928398433,-0.5889758637174731,0.573402101163566,119.84078893855691,119.84544362915544
1,0,6,0.10781264744136074,0.10750000000000001,0.312647441360725,0.312647441360725,0.2764186599113288,0.0,0.2764186599113288,0.2764186599113288,-0.2597412239498942,-0.31162718377777954,-0.3905467933981166,0.5631197056770525,0.2500206361939705,-0.11788572955465426,179.84413478147195,179.84439244268532
1,0,7,0.12109959182735856,0.1219118534023661,-0.8122615750075363,0.8122615750075363,0.4103589450001949,0.0,0.4103589450001949,0.4103589450001949,0.11566756174972992,1.0092390956145392,-2.294304725138585,2.509138638806397,-0.410299955998489,-0.006957778236976353,89.92969644558666,89.93040719161131
1,0,8,0.15783766244547423,0.15742061491431167,0.4170475311625621,0.4170475311625621,0.8540265436462261,0.0,0.8540265436462261,0.8540265436462261,0.44058327368559635,-0.1391116236822143,-0.14515008507742788,0.4842873239028704,-0.29669034790427534,-0.8008382527784449,-0.1413731000709671,0.865989539660363
1,0,9,0.16579511396312707,0.165,0.7951139631270643,0.7951139631270643,1.1807403946477606,0.0,1.1807403946477606,1.1807403946477606,-0.41913333152398397,-0.7945735030935597,-0.05948297240732092,0.9003099607463948,-1.1780180407172807,0.08013913075505592,-0.11559156159746617,1.1863047821560446
1,0,10,0.17465850498418223,0.17473193755006552,-0.07343256588329683,0.07343256588329683,0.7925452317615286,0.0,0.7925452317615286,0.7925452317615286,-0.0005122651121070021,0.08469841675182166,-1.53152774750831,1.5338680926349855,-0.7924081657053403,-0.01473964598964765,59.84978798554594,59.8544473559411
1,0,11,0.20235995882230867,0.20112185361118767,1.238105211120999,1.238105211120999,0.7737198918627239,0.0,0.7737198918627239,0.7737198918627239,0.14894089374901942,-1.396917620211463,1.5297555709711252,2.076948322516766,-0.3372462532613581,0.6963569744320979,89.96459316109507,89.96925614280971
1,1,2,0.05784956942151958,0.05750000000000001,0.3495694215195702,0.3495694215195702,0.3345277268767187,0.0,0.3345277268767187,0.3345277268767187,-0.6086961741365027,-59.12775688597882,2.080477841232442,59.16747868084023,-0.10761556260416495,0.31674565303137014,119.91049619021669,119.91107607765026
1,1,3,0.0795823925777167,0.07786205751198719,1.7203350657295085,1.7203350657295085,0.9581646086043168,0.0,0.9581646086043168,0.9581646086043168,-53.87820021505822,55.9708254403854,2.424977577691667,77.72692117371112,0.23866773724102386,0.9279666530217457,29.976529362285216,29.989556247549046
1,1,4,0.05337478987435699,0.05249999999999999,0.8747898743569973,0.8747898743569973,0.19948905949330917,0.0,0.19948905949330917,0.19948905949330917,-53.01073006139801,-0.7111141299099288,0.6122358616789114,53.019034484781876,-0.19484514988839288,0.042793217704449715,-60.066968714683576,60.067196302862655
1,1,5,0.07922566786483587,0.0778620575119872,1.363610352848668,1.363610352848668,0.683148016438667,0.0,0.683148016438667,0.683148016438667,-53.122354264022455,-59.10130125363594,1.696473451307745,79.48475548554154,-0.3021336471756623,0.6127070681058451,59.90244948608145,59.90759871857848
1,1,6,0.12435087394981134,0.1219118534023661,2.439020547445242,2.439020547445242,0.9008747319130264,0.0,0.9008747319130264,0.9008747319130264,-109.16580679605879,55.63431404580922,3.049925294843936,122.5628504771584,0.8783651022805326,-0.20013287464132973,119.90011620040637,119.90369881271143
1,1,7,0.10858800641374895,0.10750000000000001,1.0880064137489405,1.0880064137489405,0.4117529136551448,0.0,0.4117529136551448,0.4117529136551448,-108.17670972164531,-0.863344866551527,0.6361173614422011,108.18202501274064,-0.1278949977953879,0.39138674717521693,29.98727366480049,29.990472370053073
1,1,8,0.12393260621116134,0.1219118534023661,2.0207528087952396,2.0207528087952396,0.7705689791306009,0.0,0.7705689791306009,0.7705689791306009,-108.41892677933288,-59.467825151035086,2.2930405252559183,123.6783891673355,-0.4593799518405368,-0.6186718137569877,-60.080215307475726,60.08717533208591
1,1,9,0.17773753143640034,0.17473193755006558,3.0055938863347564,3.0055938863347564,1.6891513320095242,0.0,1.6891513320095242,1.6891513320095242,-166.9898150998665,55.26802223050662,3.796499094639638,175.93909751313086,-1.6630191319442693,-0.2960138464102473,-60.0490687145383,60.07490118160901
1,1,10,0.16701372088752806,0.165,2.0137208875280477,2.0137208875280477,0.8185245839401019,0.0,0.8185245839401019,0.8185245839401019,-166.1789019248141,-1.6330455187228976,1.8171574286839354,166.19686021018518,-0.7870790068504893,0.2247049346164496,-0.0911155842826555,0.823410911801617
1,1,11,0.1779985883559299,0.17473193755006555,3.2666508058643573,3.2666508058643573,1.1171579917728753,0.0,1.1171579917728753,1.1171579917728753,-166.7293962652869,-60.43701545172825,4.3900503532074975,177.39954046671937,-0.41589641828671403,1.0368659654768586,30.023697230077545,30.04775749930521
1,2,3,0.1271928316446388,0.12641696879770534,0.7758628469334561,0.7758628469334561,1.1748573997101759,0.0,1.1748573997101759,1.1748573997101759,-105.4802103115843,230.62965889973023,0.9464247744892518,253.60798499147407,-0.6188247758940941,0.9986914386330986,-89.93924775789917,89.9398837667741
1,2,4,0.07758839991350593,0.07786205751198719,-0.27365759848126114,0.27365759848126114,0.4697929082939173,0.0,0.4697929082939173,0.4697929082939173,-104.2457087693086,115.30061181332667,-1.1961183491391303,155.44397569686674,-0.4625747792756598,-0.08203716527469586,-179.97685993236024,179.97719128749986
1,2,5,0.05248532856254006,0.0525,-0.014671437459937153,0.014671437459937153,0.5481863873992621,0.0,0.5481863873992621,0.5481863873992621,-104.98342223575119,-0.05428751966406187,-0.4440243313698078,104.98437526161527,-0.46120931183614106,0.2963042056921305,-60.006338532563085,60.00741676717002
1,2,6,0.15850711105012155,0.15742061491431167,1.0864961358098835,1.0864961358098835,1.1132814576822134,0.0,1.1132814576822134,1.1132814576822134,-215.9161746722109,230.62076993893834,1.5082710722283954,315.92405557971796,0.9406760588419036,0.5954460627769321,-0.002015419096619439,1.1133028615943665
1,2,7,0.12157665851292487,0.12191185340236611,-0.3351948894412399,0.3351948894412399,0.5331943333636537,0.0,0.5331943333636537,0.5331943333636537,-214.46056403650874,115.28231596697141,-1.2351508625882968,243.4848486029869,-0.3372818296776566,0.41296384152824206,-89.92309668753755,89.92312334574241
1,2,8,0.10794987739718323,0.10750000000000001,0.4498773971832182,0.4498773971832182,0.64231842331706,0.0,0.64231842331706,0.64231842331706,-215.4498175145317,-0.07030269741957473,0.08936541238757645,215.44984751837538,-0.0220066996362326,-0.6419413387292405,-179.99151526412786,179.99163867825365
1,2,9,0.202636115165084,0.20112185361118767,1.5142615538963344,1.5142615538963344,1.7705333734032906,0.0,1.7705333734032906,1.7705333734032906,-331.3962900595395,230.62386627582217,2.188920064685518,403.75197848714544,-0.9034410705547743,-1.522752390678751,-179.9472766024369,179.95928781396753
1,2,10,0.17516770318473993,0.17473193755006555,0.43576563467437324,0.43576563467437324,0.7401657940595033,0.0,0.7401657940595033,0.7401657940595033,-330.3795531336081,115.23485123909161,-0.12081699051724737,349.8996065525129,-0.6957639740619873,-0.25250946363980625,-119.99667228802491,119.99958562125215
1,2,11,0.16671049953639536,0.165,1.710499536395349,1.710499536395349,1.1481046721512465,0.0,1.1481046721512465,1.1481046721512465,-331.6970106044651,0.04370739299194848,2.1202360418388633,331.7037897811057,-1.0400511647963662,0.486275524426826,-89.88449045452016,89.88584014007962
1,3,4,0.05788188984488993,0.0575,0.3818898448899252,0.3818898448899252,0.7588280503394844,0.0,0.7588280503394844,0.7588280503394844,1.0919478659313224,-80.73286826814191,-1.1215230056226266,80.7480413557828,0.7588270028492369,0.0012608814582578,-90.04154221132517,90.04406119175182
1,3,5,0.11569336889499574,0.11500000000000002,0.6933688949957162,0.6933688949957162,0.9746138286661667,0.0,0.9746138286661667,0.9746138286661667,0.7484096647361743,-162.86347037979527,0.630095894998628,162.86640882027706,-0.9200455383423457,-0.3215543650682063,29.926662254562014,29.939585388804904
1,3,6,0.05543881217043313,0.055,0.43881217043312964,0.43881217043312964,0.06232305660734922,0.0,0.06232305660734922,0.06232305660734922,-78.13419874042327,-0.2680576003675772,-0.03786725932730661,78.1346677321559,-0.05787052857211482,0.02313364410954308,89.92684310537871,89.9268717577399
1,3,7,0.0791514557346133,0.07956915231419774,-0.41769657958444506,0.41769657958444506,0.6498957905786732,0.0,0.6498957905786732,0.6498957905786732,-76.86711049127413,-80.8542294545438,-1.7575867834309644,111.57530285536784,-0.21538321667499336,-0.6131691280548046,0.012414971215319415,0.6499933694400077
1,3,8,0.128097124793566,0.12747548783981963,0.6216369537463684,0.6216369537463684,0.9763118802881608,0.0,0.9763118802881608,0.9763118802881608,-77.40172858473298,-163.15819974969506,0.5635729560629077,180.58777186715292,0.6745800580536634,-0.7057971740722572,-90.06741150916424,90.06741087073017
1,3,9,0.11342288558088785,0.1125,0.92288558088785,0.92288558088785,0.9085604650861129,0.0,0.9085604650861129,0.9085604650861129,-159.8477861637621,-0.5562799614206027,0.015309806790209102,159.84875483794508,-0.5716082223745225,-0.7062313405001481,-90.0302930714945,90.03741562923764
1,3,10,0.12643796908314425,0.1263427876849328,0.09518139821146354,0.09518139821146354,0.8755969833632353,0.0,0.8755969833632353,0.8755969833632353,-158.86429369041662,-81.48619287174036,-1.2746834655303907,178.54827990328752,-0.3300341916260287,-0.8110208286173931,-30.067663769340648,30.08245117962219
1,3,11,0.16215116616127165,0.16087650543196172,1.2746607293099288,1.2746607293099288,0.6643467110405515,0.0,0.6643467110405515,0.6643467110405515,-159.76353378245017,-163.90337618965938,1.9564571611884185,228.89414841286063,-0.661234660215827,-0.0642297419901775,0.0477007311538448,0.6660305290066096
1,4,5,0.05786449034944167,0.05750000000000001,0.3644903494416582,0.3644903494416582,0.638011542588058,0.0,0.638011542588058,0.638011542588058,0.3466480586480705,-0.762155366932693,1.21806033355909,1.4780787042978685,-0.14540664689232663,0.621221751090411,119.96906531349383,119.97087966382696
1,4,6,0.08100633378610067,0.07956915231419776,1.4371814719029152,1.4371814719029152,0.7013946822062701,0.0,0.7013946822062701,0.7013946822062701,-0.3623345021213156,-1.6509235607453516,2.156204801117334,2.739717875842886,0.5132069537564359,-0.47809960878194174,179.9664181583504,179.9685599792657
1,4,7,0.055214872094870894,0.05500000000000001,0.21487209487088682,0.21487209487088682,0.2604647181212894,0.0,0.2604647181212894,0.2604647181212894,-0.0030502834563687214,-0.21474566769767722,-0.11811858525700991,0.2451061121375861,-0.049688626841869636,0.255681297982522,90.05413136410138,90.05453796693801
1,4,8,0.08068207393625985,0.07956915231419776,1.1129216220620992,1.1129216220620992,0.7123445698675284,0.0,0.7123445698675284,0.7123445698675284,0.3365971333391879,-1.2292594513406558,1.6719653841330562,2.102342663464186,-0.5597841600661243,-0.44054813105016505,-0.01487080506019872,0.712547937011672
1,4,9,0.12845132553572738,0.1263427876849328,2.108537850794595,2.108537850794595,1.50677441413314,0.0,1.50677441413314,1.50677441413314,-0.39367132061420007,-2.1319481018986925,2.7536025983622148,3.5046407929445076,-1.4409497035391479,0.44053831314021424,0.006865933670890377,1.5068254815562443
1,4,10,0.11363895099161564,0.1125,1.1389509916156366,1.1389509916156366,0.727459187614166,0.0,0.727459187614166,0.727459187614166,0.012498849189998378,-1.1352848109389275,0.9127278840830311,1.45674294697534,-0.6119980826974245,0.3932697526411175,59.974036136663564,59.98013769059687
1,4,11,0.12868822793194218,0.1263427876849328,2.3454402470093894,2.3454402470093894,0.9590521204047504,0.0,0.9590521204047504,0.9590521204047504,0.18314844055194318,-2.4792493233648933,3.6175432663955176,4.389400852385829,0.023571900766406934,0.9587624246964838,90.09345673844825,90.09726619410019
1,5,6,0.1285029305911432,0.12747548783981963,1.0274427513235762,1.0274427513235762,0.9158915590288791,0.0,0.9158915590288791,0.9158915590288791,-96.42870023048958,199.2872641990554,1.3650690767523788,221.3950571121,0.8160552660564855,-0.4158399257114286,59.9996407673,60.008941195785134
1,5,7,0.07945726878542038,0.07956915231419776,-0.11188352877737617,0.11188352877737617,0.43968673169415023,0.0,0.43968673169415023,0.43968673169415023,-94.97128696398688,100.14369159971965,-1.3380137523937297,138.02208010176233,0.37516890172060163,0.22928905029161636,-29.91409023439123,29.917998262835937
1,5,8,0.05546896218901693,0.055000000000000014,0.46896218901691655,0.46896218901691655,0.0944687071909082,0.0,0.0944687071909082,0.0944687071909082,-95.65848658673315,-0.25255738264566563,0.003297054896655993,95.65882004376965,-0.043612236490713864,-0.08379922925631929,-119.98650196112892,119.98655634214686
1,5,9,0.16237151572109176,0.16087650543196172,1.4950102891300443,1.4950102891300443,1.311439555963144,0.0,1.311439555963144,1.311439555963144,-196.43979016775282,199.04360836727676,1.4915870865798153,279.65903172444376,-1.2469695686944708,-0.4061608679128217,-119.9457525088876,119.95450939263307
1,5,10,0.12682754193458906,0.1263427876849328,0.4847542496562718,0.4847542496562718,0.20852017776479953,0.0,0.20852017776479953,0.20852017776479953,-195.34081853862472,99.63488719970516,-0.7820019026074654,219.28464985405057,-0.1812372353801615,0.10312014601330115,-59.992771092183794,59.9929366509365
1,5,11,0.11424241244967882,0.1125,1.7424124496788207,1.7424124496788207,0.6733038822144684,0.0,0.6733038822144684,0.6733038822144684,-196.4007663517406,-0.7896674930569364,1.4725937336486083,196.40787441089262,-0.19698479062762292,0.6438452790597543,-29.873961004477497,29.880268413797864
1,6,7,0.05792177417951333,0.05750000000000001,0.42177417951332064,0.42177417951332064,0.5876393751744503,0.0,0.5876393751744503,0.5876393751744503,1.4860769114950767,-115.37539588185994,-1.778215688168605,115.39866745554922,0.25681300587400174,-0.5285536738708464,-89.91679242518963,89.91711681516395
1,6,8,0.11570071335139245,0.11500000000000002,0.7007133513924346,0.7007133513924346,0.9199627919345917,0.0,0.9199627919345917,0.9199627919345917,0.48514697157062137,-230.69867728550045,0.48556855611381344,230.69969840831217,0.9187787762564192,-0.04666139167930427,-179.99026523618957,179.98989142954983
1,6,9,0.057984110521471136,0.057499999999999996,0.48411052147114,0.48411052147114,0.9288546410106796,0.0,0.9288546410106796,0.9288546410106796,-115.48405796160927,0.0023383097389993723,0.07803719128707254,115.48408435170296,0.037926926543043436,-0.9280800709946969,-179.96050578628956,179.96019991593903
1,6,10,0.081229674364593,0.08131727983645298,-0.08760547185998613,0.08760547185998613,0.8224178527031907,0.0,0.8224178527031907,0.8224178527031907,-114.44133626787298,-115.41658264698077,-1.2703054366086652,162.54052009448597,0.2902349388845565,-0.7695062504657895,-119.99856281690934,119.99831778786296
1,6,11,0.1294414451589442,0.12857390870623792,0.8675364527062912,0.8675364527062912,0.6380111902256475,0.0,0.6380111902256475,0.6380111902256475,-115.77998308819102,-230.56343241912913,1.9037813912083923,258.00799452028156,-0.4465973679501103,-0.4556459967908146,-89.87742826348486,89.88098392661628
1,7,8,0.05787623391456896,0.05750000000000001,0.37623391456895194,0.37623391456895194,0.4950123429730878,0.0,0.4950123429730878,0.4950123429730878,-0.5210998164638103,-82.31948044460296,1.7351349656790083,82.3394140071279,0.06109321377676675,-0.49122798207982954,-90.07226552305154,90.0730714558412
1,7,9,0.08300587167020827,0.08131727983645298,1.6885918337552903,1.6885918337552903,1.2827420863069745,0.0,1.2827420863069745,1.2827420863069745,-82.95716992462415,80.30593461528129,2.6570417143378933,115.49023788618902,-1.1849559484737953,-0.4912647657620044,-90.0351460179519,90.04740044013641
1,7,10,0.05842963528900258,0.05750000000000001,0.92963528900257,0.92963528900257,0.48283317896293937,0.0,0.48283317896293937,0.48283317896293937,-81.99859359869107,-0.6261920034389967,0.7701706971368072,82.00460128243536,-0.4509770274719149,-0.17247670490748793,-30.077888219992175,30.08235267376271
1,7,11,0.08314715022118273,0.08131727983645298,1.8298703847297455,1.8298703847297455,0.7068355749535604,0.0,0.7068355749535604,0.7068355749535604,-82.8745807894024,-83.0622408783635,3.4187050049087064,117.3849204313103,-0.4454639717329291,0.548802741072014,0.03735070883129215,0.7079375034292432
1,8,9,0.12963617942959188,0.12857390870623792,1.062270723353964,1.062270723353964,1.2457309075820486,0.0,1.2457309075820486,1.2457309075820486,-0.703369238522128,-0.9491947865299388,1.400354512910651,1.832127667577792,-0.8809322726691741,0.8808319726705022,0.030346451321698244,1.2462837556999418
1,8,10,0.08148407532483423,0.08131727983645297,0.16679548838126335,0.16679548838126335,0.13801935883373523,0.0,0.13801935883373523,0.13801935883373523,-0.31332579012001427,0.08478399510780665,-0.875707565499928,0.9339299314480624,0.049461016115861366,0.12885245602094028,59.99407295127139,59.9941613173625
1,8,11,0.05878239642750372,0.057499999999999996,1.282396427503725,1.282396427503725,0.6106638324998606,0.0,0.6106638324998606,0.6106638324998606,-0.12323693426675997,-1.266241730508877,1.3725069360962516,1.8714515093055188,0.4630504453705235,0.3981181384295985,90.11568350471333,90.11569861940521
1,9,10,0.05794399624778687,0.05750000000000001,0.44399624778686253,0.44399624778686253,1.1085736040324325,0.0,1.1085736040324325,1.1085736040324325,0.41873159354783446,1.0245057191621831,-1.3702626717188027,1.7614107713810208,-0.2720892901670013,-1.074668104885057,59.95960889780433,59.96635209071826
1,9,11,0.11558057050266449,0.11500000000000002,0.5805705026644681,0.5805705026644681,0.6383277795999633,0.0,0.6383277795999633,0.6383277795999633,0.5667183377349311,-0.405107942163363,1.7429222367133512,1.8769816307994995,-0.41901976221183496,-0.48154846820922265,90.07920755430463,90.0792221580665
1,10,11,0.05774968477102461,0.057500000000000016,0.2496847710245914,0.2496847710245914,0.47273329095932687,0.0,0.47273329095932687,0.47273329095932687,-0.513232335547148,-58.76078780261745,2.3541679763523504,58.8101666166265,0.15221799079636533,0.44755660974083294,30.120628712050717,30.123657916839857
2,0,1,0.05554339411851866,0.05750000000000001,-1.9566058814813463,1.9566058814813463,0.7478388179208216,0.0,0.7478388179208216,0.7478388179208216,-2.0626299259197816,1.4837563063090642,-3.0927490519043754,4.002633094085339,0.4969436804515442,0.5588539233368398,60.34865258667814,60.350426139660016
2,0,2,0.11518181002028455,0.11500000000000002,0.18181002028452853,0.18181002028452853,0.23622010594464565,0.0,0.23622010594464565,0.23622010594464565,0.15454107468734768,1.0762826624201305,-2.2633261050135633,2.5109584566112506,0.028903026745971557,-0.23444521355903566,-179.90221050751302,179.90215158203773
2,0,3,0.052195699506518436,0.052500000000000005,-0.3043004934815685,0.3043004934815685,0.7560689649965732,0.0,0.7560689649965732,0.7560689649965732,-2.5393715299560915,0.41213433610183536,-2.1901803093159478,3.3786317149788525,0.6318662021012111,0.4152016032506723,90.27424909935645,90.27444201856268
2,0,4,0.07977836504678282,0.0778620575119872,1.9163075347956164,1.9163075347956164,0.3684127721389524,0.0,0.3684127721389524,0.3684127721389524,1.9886974956232346,-0.6526549818064858,0.6911354404235404,2.204210618653397,-0.2899425074753603,-0.2272922216522609,0.033348064576652084,0.3698675898349448
2,0,5,0.12873208005609715,0.12641696879770534,2.3151112583918163,2.3151112583918163,1.2831865477141813,0.0,1.2831865477141813,1.2831865477141813,2.4250269113308685,-0.25667016097442874,0.21270629698733057,2.447831501756531,0.7628281726361389,1.0318545478807741,120.41622933598862,120.41347380510102
2,0,6,0.10810373728650714,0.10750000000000001,0.6037372865071305,0.6037372865071305,0.21902470080485015,0.0,0.21902470080485015,0.21902470080485015,-1.4933188884036497,-0.584154848274232,-1.4154450685091025,2.1388601944007797,-0.16800320372174127,0.1405233065917168,179.93142577090322,179.93163191789478
2,0,7,0.12174924326000315,0.1219118534023661,-0.16261014236294835,0.16261014236294835,0.6024383043174588,0.0,0.6024383043174588,0.6024383043174588,-0.8634898058239721,-0.25930396639883835,-1.7653203917906701,1.9822233167390741,0.052813594673611214,0.6001189354849552,90.3022370173327,90.30353567951254
2,0,8,0.16027028628820583,0.15742061491431167,2.8496713738941635,2.8496713738941635,1.0301470898016576,0.0,1.0301470898016576,1.0301470898016576,3.0776196960757005,-0.8611285538782376,1.4512795534429301,3.5099142043957463,-0.811586560664916,-0.6344739594423607,0.273264326904334,1.0646307858890887
2,0,9,0.16585918212284972,0.165,0.8591821228497165,0.8591821228497165,0.2229574164970449,0.0,0.2229574164970449,0.2229574164970449,-5.144916184141701,-0.7129266002951773,-4.692983004866758,7.000179737922439,-0.20664378428371286,-0.08371610583885407,-0.14563773804411287,0.26639130802414124
2,0,10,0.17488667232973165,0.17473193755006552,0.15473477966612692,0.15473477966612692,0.39993975561775436,0.0,0.39993975561775436,0.39993975561775436,-2.2281804056991787,-0.8981276190322129,-2.8610085286990827,3.73587887139012,-0.36697275998057916,-0.15900675232132172,59.91877957482434,59.919481179544015
2,0,11,0.2031240742720771,0.20112185361118767,2.0022206608894253,2.0022206608894253,0.988454068859605,0.0,0.988454068859605,0.988454068859605,1.914790179017939,-1.101148426857046,0.854328721098585,2.3682961916380396,-0.48635902191752145,0.8605313094254506,90.17763545111914,90.18553745527508
2,1,2,0.05972432075386911,0.05750000000000001,2.224320753869101,2.224320753869101,0.5185960860908108,0.0,0.5185960860908108,0.5185960860908108,1.5175764324905638,-59.26904344737477,1.5659080199295072,59.30914446628048,-0.41875919308665566,0.30591551949940876,119.75081108291279,119.75260991532544
2,1,3,0.07894324466270106,0.07786205751198719,1.0811871507138693,1.0811871507138693,0.19488558283881893,0.0,0.19488558283881893,0.19488558283881893,-53.55797988792378,57.27704100382924,-0.0384679295105661,78.41631281570936,-0.15660243349894298,0.11600043848828095,29.924305138161294,29.925083772618734
2,1,4,0.05491692338589205,0.05249999999999999,2.416923385892056,2.416923385892056,0.93713674941641,0.0,0.93713674941641,0.93713674941641,-50.40461250877243,-3.7213407552711963,3.6049758022502765,50.67020021384512,0.4241691181111431,-0.8356545961482105,-60.318816869633295,60.32231835425623
2,1,5,0.08243433446440288,0.0778620575119872,4.572276952415674,4.572276952415674,1.183973060387975,0.0,1.183973060387975,1.183973060387975,-50.00111682979808,-61.40075442584864,3.8444899920614395,79.2776414355873,-0.565524880115466,1.0401965948540002,60.05039309112757,60.066108041275925
2,1,6,0.12348701895006786,0.1219118534023661,1.5751655477017623,1.5751655477017623,0.9418561919548338,0.0,0.9418561919548338,0.9418561919548338,-108.45441130584703,56.05755985489609,0.5147703081193056,122.0863396824281,-0.7782164052499014,0.5305559567267115,119.58254258628732,119.58839917615383
2,1,7,0.109257705548038,0.10750000000000001,1.7577055480379884,1.7577055480379884,0.7509223256540128,0.0,0.7509223256540128,0.7509223256540128,-107.92152301223648,-1.780660887833005,0.8849218131953274,107.93983958248972,-0.7508072471219559,-0.013146357984160683,29.952210134298525,29.96132032833784
2,1,8,0.12653200306096443,0.1219118534023661,4.620149658598333,4.620149658598333,1.4618062519343666,0.0,1.4618062519343666,1.4618062519343666,-105.04504588952877,-62.0820873249454,4.858302479606613,122.11572517713967,0.17406296309711328,-1.4514083106094144,-60.085997512612465,60.099912754194
2,1,9,0.17784123518450073,0.17473193755006558,3.109297634435154,3.109297634435154,0.7922205540987164,0.0,0.7922205540987164,0.7922205540987164,-169.42741223257596,57.95693574261898,-3.048827235953455,179.09201479690822,0.4260361631587513,-0.6679182704783732,-60.495953768054484,60.49816667780866
2,1,10,0.1673821262173111,0.165,2.382126217311098,2.382126217311098,1.1223895183983035,0.0,1.1223895183983035,1.1223895183983035,-167.2066993474947,-1.471072688131847,-0.47087434042114573,167.21383341153842,-0.3837814073071474,-1.0547448509719755,-0.42554391599711067,1.2016068354845695
2,1,11,0.17854902100019887,0.17473193755006555,3.8170834501333184,3.8170834501333184,1.3479925605406826,0.0,1.3479925605406826,1.3479925605406826,-163.96093536206476,-61.529002091539,4.005365807340899,175.17148563175002,-1.3467331258022843,-0.058261962620309034,29.829409998826378,29.85847795450665
2,2,3,0.1291444504489438,0.12641696879770534,2.727481651238456,2.727481651238456,0.5546614489547423,0.0,0.5546614489547423,0.5546614489547423,-105.46298410420124,232.78379223585617,-0.4355262087457623,255.5600215740869,-0.387026582198192,0.3973186990937621,-89.82792530676696,89.82792980655496
2,2,4,0.0777701270566902,0.07786205751198719,-0.09193045529698463,0.09193045529698463,0.5302577754279807,0.0,0.5302577754279807,0.5302577754279807,-106.63521949846161,113.26993998968152,2.6989749562461585,155.59059678709886,0.4617095016652463,-0.26076640191764705,179.93322267967918,179.93427406447103
2,2,5,0.05393767377330969,0.0525,1.4376737733096945,1.4376737733096945,1.2506216228478135,0.0,1.2506216228478135,1.2506216228478135,-106.33799624099977,-2.1684535157898424,2.457767722941484,106.38849682828007,-1.1252970679660033,0.5457098534153465,-59.69642319713825,59.70295715920679
2,2,6,0.15976058103846263,0.15742061491431167,2.3399661241509664,2.3399661241509664,0.4237663695017047,0.0,0.4237663695017047,0.4237663695017047,-216.46136272944005,231.83649070213724,0.31484329432274194,317.1809879265596,-0.37488578914084664,-0.19758324352244935,-0.1652631167953614,0.45508655964171224
2,2,7,0.12357100333274805,0.12191185340236611,1.6591499303819368,1.6591499303819368,0.6002237970728402,0.0,0.6002237970728402,0.6002237970728402,-216.2356688013348,116.20524685850567,0.20294400795362044,245.48231106472247,-0.5720505046812491,-0.18173586360910893,-89.79619635057344,89.79868112966649
2,2,8,0.10953944338707329,0.10750000000000001,2.039443387073278,2.039443387073278,1.1699736438945634,0.0,1.1699736438945634,1.1699736438945634,-216.94410633039354,-2.721069864319997,3.6705620666105387,216.992217645206,0.8690877095456392,-0.7833083294877722,-179.83683623491532,179.83090405891153
2,2,9,0.2056611362798078,0.20112185361118767,4.539282668620137,4.539282668620137,0.36384808033969335,0.0,0.36384808033969335,0.36384808033969335,-331.58214976788014,235.5729979388263,-3.007078758033188,406.7559488504528,0.31803787713517756,-0.17674177520262588,179.75542774243408,179.75591950430626
2,2,10,0.17738870100718337,0.17473193755006555,2.6567634571178225,2.6567634571178225,0.6318705377182485,0.0,0.6318705377182485,0.6318705377182485,-331.87151545510784,117.66466815515281,-0.928051998508872,352.11438224395783,0.301861727628472,-0.5551060483201092,-120.18123694981117,120.1807768093787
2,2,11,0.16721576395224852,0.165,2.215763952248512,2.215763952248512,1.1007964103441534,0.0,1.1007964103441534,1.1007964103441534,-332.1817463674989,-1.4621475703577302,3.0393288946519714,332.1988681729797,-0.8320136614475707,-0.7207929826284329,-89.91320932085435,89.92373757246025
2,3,4,0.06210408282700317,0.0575,4.60408282700317,4.60408282700317,0.8668924008978428,0.0,0.8668924008978428,0.8668924008978428,2.1950748853446638,-85.4675337266676,3.5551746766235848,85.56960290928455,0.6967494639076357,-0.5158059074991138,-90.24474613217552,90.24487501261152
2,3,5,0.11999032484695556,0.11500000000000002,4.990324846955538,4.990324846955538,0.9900427839218972,0.0,0.9900427839218972,0.9900427839218972,2.592069031228536,-167.00908969988814,3.716577970191648,167.07054742250787,-0.6945641957888307,0.7055421152316997,30.126604479870224,30.146765696923826
2,3,6,0.05601141707940011,0.055,1.011417079400112,1.011417079400112,0.9681261058898215,0.0,0.9681261058898215,0.9681261058898215,-77.94501783292951,-1.2577277098212991,0.3774595746024456,77.95607840122675,-0.9594458009496581,0.12935793775798038,89.65899805009595,89.6641949965147
2,3,7,0.0812482278357327,0.07956915231419774,1.6790755215349562,1.6790755215349562,0.6081479484762321,0.0,0.6081479484762321,0.6081479484762321,-77.46405876240263,-82.9864706396185,0.6690134645761514,113.52480913078433,-0.5405694057516149,-0.27862330884081177,0.028196210298286343,0.6087417788723608
2,3,8,0.1331480338519406,0.12747548783981963,5.672546012120971,5.672546012120971,1.3268698497808478,0.0,1.3268698497808478,1.3268698497808478,-75.35744917420466,-167.7102956900809,4.556369736032018,183.91913693704805,0.615335060201041,-1.175584746791361,-90.01627623060145,90.01764359635335
2,3,9,0.11368248482980008,0.1125,1.1824848298000734,1.1824848298000734,0.7437274756328246,0.0,0.7437274756328246,0.7437274756328246,-162.07077071777542,1.4300146073469855,-3.360558228742372,162.1119150909017,0.6545738379706963,-0.3530850784028241,-90.42120590341432,90.4215848311272
2,3,10,0.12765327867313678,0.1263427876849328,1.3104909882039883,1.3104909882039883,1.0923615760590952,0.0,1.0923615760590952,1.0923615760590952,-160.3711190916074,-82.2765560951887,-0.865927063576799,180.24726725045983,0.09492889851630061,-1.0882294798018546,-30.35629535706193,30.374580581641876
2,3,11,0.1651593001656777,0.16087650543196172,4.282794733715983,4.282794733715983,1.2025909560173726,0.0,1.2025909560173726,1.2025909560173726,-157.84559682081456,-166.8617989408766,3.5252529739601135,229.71834883185775,-1.1043754570620619,-0.47603352998946136,-0.09259046941243722,1.2065107972158942
2,4,5,0.05793965796058001,0.05750000000000001,0.4396579605800005,0.4396579605800005,1.0508673445555916,0.0,1.0508673445555916,1.0508673445555916,0.4341962813117356,0.3658433257312521,-0.7064166535868388,0.9063069227098901,0.8122601574443943,0.6667723726075975,120.38418909688798,120.38222337489078
2,4,6,0.08210184943886521,0.07956915231419776,2.5326971246674574,2.5326971246674574,0.4657920200213992,0.0,0.4657920200213992,0.4657920200213992,-3.5218547155267816,0.11414118940882012,-2.142295727270982,4.123823448146319,-0.4575412641938524,-0.08728321383245866,179.89851828683928,179.898170621688
2,4,7,0.05473623352939653,0.05500000000000001,-0.2637664706034784,0.2637664706034784,0.4162268978758702,0.0,0.4162268978758702,0.4162268978758702,-2.893691753321548,0.4080922283349747,-2.7212891929030425,3.9931699314553883,0.27874299169763506,0.3091082802334601,90.27125668241943,90.27125713527803
2,4,8,0.08050599467021921,0.07956915231419776,0.9368423560214556,0.9368423560214556,0.6617365919142362,0.0,0.6617365919142362,0.6617365919142362,1.0593338223661015,-0.24452872508513857,0.24828625675732408,1.115180931461394,-0.5206874634234783,-0.4083925488233768,0.23784399733309552,0.7025561726950046
2,4,9,0.12990884302296735,0.1263427876849328,3.566055338034557,3.566055338034557,0.1664180039434848,0.0,0.1664180039434848,0.1664180039434848,-7.219966222607773,0.004754047526853156,-5.696762747653628,9.196795129805771,0.08258819480142404,0.14447891394120493,-0.17825733253945,0.24394208431104006
2,4,10,0.11288020812438049,0.1125,0.380208124380485,0.380208124380485,0.29681732443532177,0.0,0.29681732443532177,0.29681732443532177,-4.2965564411456825,-0.22366634424014764,-4.10561016950306,5.946970552257943,-0.024883567687840565,-0.29577244233465627,59.88464896300812,59.88525210298565
2,4,11,0.12670889836327728,0.1263427876849328,0.3661106783444945,0.3661106783444945,0.6264187008412031,0.0,0.6264187008412031,0.6264187008412031,-0.13946080533323857,-0.4801259285751591,-0.6360918925192305,0.8090631120271462,-0.25978938019709047,0.570010608075763,90.14769088608467,90.1506908707826
2,5,6,0.1311691823807619,0.12747548783981963,3.6936945409422606,3.6936945409422606,1.4700315651298703,0.0,1.4700315651298703,1.4700315651298703,-96.9157189973305,203.20203365106372,-3.141029158687192,225.15236870366982,-0.9599175645736479,-1.1134033694124217,59.5302304400348,59.537391339966234
2,5,7,0.0820027199535902,0.07956915231419776,2.4335676393924395,2.4335676393924395,0.68105609691783,0.0,0.68105609691783,0.68105609691783,-96.673039674188,103.02018364930979,-3.3461202541208435,141.3153613721441,0.5400109991125127,-0.4150067804110971,-30.10951246623806,30.11508072537556
2,5,8,0.05562207955679541,0.055000000000000014,0.6220795567953991,0.6220795567953991,0.9039792269956899,0.0,0.9039792269956899,0.9039792269956899,-95.67416073999854,-0.5304941804240154,0.0015639734133321426,95.67563148380341,0.9038745421256335,0.013757566625607629,-120.14854465154075,120.15070559470288
2,5,9,0.1667530287783082,0.16087650543196172,5.876523346346474,5.876523346346474,1.0912924375141586,0.0,1.0912924375141586,1.0912924375141586,-198.5473525564469,206.70537358487837,-7.709701107314393,286.71868123162517,0.7219269953440993,0.8183984622377101,-120.55116367851481,120.55928628175499
2,5,10,0.12912574607086244,0.1263427876849328,2.7829583859296516,2.7829583859296516,1.3400995204574941,0.0,1.3400995204574941,1.3400995204574941,-197.66366463405114,104.26354267587055,-5.739439817779246,223.55033396823103,1.2304756127977783,-0.5308858841027981,-60.50126902864693,60.5090043659054
2,5,11,0.11334744273349644,0.1125,0.8474427334964341,0.8474427334964341,0.7509329230405866,0.0,0.7509329230405866,0.7509329230405866,-196.22865289052922,0.7297600682160676,-1.8837851437801811,196.2390516983225,0.0465602365879406,-0.7494881739747788,-30.23483802440741,30.24364014635714
2,6,7,0.058131789668022536,0.05750000000000001,0.6317896680225268,0.6317896680225268,0.7914601540255617,0.0,0.7914601540255617,0.7914601540255617,0.39297745434174747,-115.62836572057223,-0.49359637660140177,115.63008703565443,-0.7672117624991303,0.19441590979386564,-89.63030843367103,89.63175769916305
2,6,8,0.11960561934317733,0.11500000000000002,4.605619343177311,4.605619343177311,1.0958719463914035,0.0,1.0958719463914035,1.0958719463914035,-0.12631905464538518,-234.57785572255017,2.573838137578388,234.59200965644925,0.49302064906545867,-0.9787183480368621,-179.6651442945936,179.66094881679894
2,6,9,0.057837286860476414,0.057499999999999996,0.3372868604764184,0.3372868604764184,0.37908220464674497,0.0,0.37908220464674497,0.37908220464674497,-115.14243773511603,3.5906496152320435,-3.099735258847436,115.24010626044816,-0.056582074472779915,-0.3748357405624879,179.92314046092287,179.92295579852822
2,6,10,0.08103595528045565,0.08131727983645298,-0.28132455599733097,0.28132455599733097,0.3341809381780512,0.0,0.3341809381780512,0.3341809381780512,-115.25039139984615,-114.33057592397856,-1.4156205457315219,162.34573382277668,-0.05675915883384209,-0.3293255726605828,-120.01255957069867,120.01300395184407
2,6,11,0.13187722968684074,0.12857390870623792,3.3033209806028196,3.3033209806028196,1.0843012712828661,0.0,1.0843012712828661,1.0843012712828661,-115.369183586388,-233.48267215096936,2.148883637282939,260.4396751976037,-1.027945138064293,-0.34503740915708586,-89.74547743997284,89.75372510086271
2,7,8,0.061528193902195764,0.05750000000000001,4.028193902195755,4.028193902195755,0.7187394093996352,0.0,0.7187394093996352,0.7187394093996352,2.103317531031268,-84.77761716520565,3.263355122355538,84.86647043150269,0.3362875030778667,-0.6352178266963545,-90.03874861379052,90.03913699270763
2,7,9,0.08475929583300906,0.08131727983645298,3.4420159965560804,3.4420159965560804,0.4153479506537815,0.0,0.4153479506537815,0.4153479506537815,-84.62377148432692,84.49211669439876,-3.588306118685325,119.63685228445654,0.37173009527655576,0.1852866376198294,-90.44767355713776,90.4490214860364
2,7,10,0.05816515906140671,0.05750000000000001,0.6651590614066977,0.6651590614066977,0.7118071678040692,0.0,0.7118071678040692,0.7118071678040692,-82.93367910034583,0.7450297088759106,-1.7060219356862527,82.9545701527727,0.42034168934284033,-0.5744460188787167,-30.387898686828247,30.393931348646632
2,7,11,0.0839291630749048,0.08131727983645298,2.6118832384518234,2.6118832384518234,0.5975411646613523,0.0,0.5975411646613523,0.5975411646613523,-80.40893566082596,-83.89895166582151,2.060396730902525,116.22769144837824,-0.5643914545421973,-0.1962625164774669,-0.122640342822159,0.6101917678639353
2,8,9,0.1360543055191341,0.12857390870623792,7.4803968128961955,7.4803968128961955,0.8186565203173813,0.0,0.8186565203173813,0.8186565203173813,-8.555131219715046,0.8098938461009592,-5.5799161133957,10.246055927088639,0.6003205258169336,0.5566193512396259,-0.4110780014444465,0.9173803269026424
2,8,10,0.08528581720515432,0.08131727983645297,3.968537368701355,3.968537368701355,0.7994224633258312,0.0,0.7994224633258312,0.7994224633258312,-5.623383819682179,0.3201230351760759,-4.423878591426567,7.16209649005066,0.5906656604273687,-0.5387027316804462,59.64417811547428,59.651819086278266
2,8,11,0.05775481293982311,0.057499999999999996,0.25481293982311526,0.25481293982311526,0.15753446950578215,0.0,0.15753446950578215,0.15753446950578215,-1.4447204337471042,-0.21979604407765252,-1.398694109643328,2.0228377703191,0.14940524920225484,0.049951839303172374,89.913916429346,89.91395974969447
2,9,10,0.06044478796406522,0.05750000000000001,2.9447879640652137,2.9447879640652137,0.35269356426182147,0.0,0.35269356426182147,0.35269356426182147,2.9196236004559313,-0.0379184395675608,1.7435705296811044,3.4008348928418948,-0.19130294301156547,-0.29630433766682984,60.06387028400141,60.06431451308092
2,9,11,0.1221863138859357,0.11500000000000002,7.186313885935686,7.186313885935686,0.7681186234243064,0.0,0.7681186234243064,0.7681186234243064,7.068273853370694,-0.09732568283792042,5.368644819910728,8.876503520933113,-0.40380533899814847,0.653417582372969,90.32451479965003,90.32937709745471
2,10,11,0.0617551679686522,0.057500000000000016,4.2551679686521835,4.2551679686521835,0.8178128379049208,0.0,0.8178128379049208,0.8178128379049208,3.550198313158559,-59.68583302326241,3.287700754128986,59.881646169692225,-0.4837486897617435,0.6594053191961403,30.26301383982273,30.276586589180024
3,0,1,0.057912719607542414,0.05750000000000001,0.41271960754240417,0.41271960754240417,0.0992118783710018,0.0,0.0992118783710018,0.0992118783710018,0.4118192023559869,0.09907781950134822,-0.30736395550179374,0.5233393458244581,0.00187266098193584,-0.09919420323051066,60.03075363392015,60.030829597247056
3,0,2,0.11705225745013666,0.11500000000000002,2.052257450136638,2.052257450136638,0.4433707387963025,0.0,0.4433707387963025,0.4433707387963025,2.049319336146577,-0.00980255675327342,0.8292894716159793,2.210775171598473,-0.17516062319612824,0.40730441310045556,179.9412262334194,179.94184926298928
3,0,3,0.05297329603617295,0.052500000000000005,0.47329603617294463,0.47329603617294463,0.6036771364288438,0.0,0.6036771364288438,0.6036771364288438,-1.7552155156231874,-0.4255283482714062,-1.4063287261701918,2.289020831604299,0.5475607363931998,0.25417571058034627,90.1378349313793,90.13820668192703
3,0,4,0.07956772629827993,0.0778620575119872,1.7056687862927329,1.7056687862927329,0.49573830050277756,0.0,0.49573830050277756,0.49573830050277756,1.9086634297469236,-0.4230027860647467,0.8885684414949857,2.1474359874726545,0.05603432793632153,-0.4925613606738392,-0.042245405757399816,0.4975146565114354
3,0,5,0.13015327989411635,0.12641696879770534,3.7363110964110104,3.7363110964110104,0.332192557747864,0.0,0.332192557747864,0.332192557747864,3.8237281220629695,-0.5692945314802398,2.1089998343397642,4.403734019701197,-0.3048850339997045,-0.13189835355682272,119.81705499117558,119.81698308048419
3,0,6,0.10843067993015151,0.10750000000000001,0.9306799301515012,0.9306799301515012,0.15957307833809387,0.0,0.15957307833809387,0.15957307833809387,1.1663888786088705,-0.9205331008712014,0.916454702487357,1.7457758812783497,-0.11403541304439599,-0.11162216784767393,-179.97658402787562,179.97669513096656
3,0,7,0.12361385247768109,0.1219118534023661,1.701999075314986,1.701999075314986,0.6822928985953349,0.0,0.6822928985953349,0.6822928985953349,1.4866688564752901,-1.131978480757731,0.22510652281615418,1.8820819632328736,0.1007855038133877,-0.6748083812213099,89.69765671547921,89.70029216094595
3,0,8,0.1627070327292717,0.15742061491431167,5.286417814960032,5.286417814960032,1.283193210088592,0.0,1.283193210088592,1.283193210088592,6.1865476588187365,-0.998462430027533,3.934821015121215,7.399534821868982,1.149900800262888,-0.5695230586167699,-0.3877148025582504,1.3388436627361597
3,0,9,0.16658989722248588,0.165,1.5898972224858698,1.5898972224858698,0.5990126611805097,0.0,0.5990126611805097,0.5990126611805097,1.2407146209945097,-1.5831155051923007,0.8485943738978374,2.183057462583357,-0.43689879899627376,0.40980344395758234,-0.014687015020541535,0.5991564242641543
3,0,10,0.17745485030152705,0.17473193755006552,2.722912751461526,2.722912751461526,0.6835633417013551,0.0,0.6835633417013551,0.6835633417013551,3.8321783557842966,-1.5067986729170868,2.0183630417480725,4.585828448551129,0.3848970876707897,-0.5649051906539067,59.64384076057352,59.6492947693426
3,0,11,0.2054951652679526,0.20112185361118767,4.373311656764939,4.373311656764939,0.8915236699124365,0.0,0.8915236699124365,0.8915236699124365,4.9983612163244375,-1.8049570379691793,2.182329365823299,5.744914813877183,0.025483875857746665,-0.8911594012604817,89.48598891935272,89.48968630858226
3,1,2,0.05914852287271245,0.05750000000000001,1.6485228727124435,1.6485228727124435,0.3701369686446963,0.0,0.3701369686446963,0.3701369686446963,1.3493956871285517,-58.43950666633785,1.0873474879816714,58.46519590906206,-0.2561538273378158,0.26718358466338005,119.91073212526405,119.91167512546447
3,1,3,0.07983089386228312,0.07786205751198719,1.9688363502959327,1.9688363502959327,0.6863558468051831,0.0,0.6863558468051831,0.6863558468051831,-54.649167318887706,58.170241675242096,-0.9686596950519988,79.82009024555582,0.3454303305194381,0.5930990618746923,30.107345243704742,30.113199421832395
3,1,4,0.05305668505176715,0.05249999999999999,0.5566850517671612,0.5566850517671612,0.4457663501061096,0.0,0.4457663501061096,0.4457663501061096,-51.487949199541696,-1.1859112214538114,1.2750658003927162,51.51738629817207,0.19561729725920515,-0.40055228785005337,-60.07309344383047,60.07390918891677
3,1,5,0.08088865977787085,0.0778620575119872,3.0266022658836516,3.0266022658836516,0.2343198136928151,0.0,0.2343198136928151,0.2343198136928151,-49.91684904622629,-59.7966435139787,2.446015661803247,77.93146596118528,-0.15043817656874095,-0.17965022762456778,59.7862241890588,59.78640508447971
3,1,6,0.12246651603211342,0.1219118534023661,0.5546626297473212,0.5546626297473212,0.16188559201509092,0.0,0.16188559201509092,0.16188559201509092,-107.38955907104935,56.29640902232393,1.4358128426780192,121.25949292654325,0.0562478870055221,-0.1517996294880722,119.9923427968104,119.99248333823597
3,1,7,0.10873767254617574,0.10750000000000001,1.237672546175725,1.237672546175725,0.6061012499412656,0.0,0.6061012499412656,0.6061012499412656,-107.23459593349973,-1.5743052463778744,0.696418836505841,107.24841258137842,0.42224365858223345,-0.43482460929050404,29.665536563855706,29.67319058118311
3,1,8,0.12575815338502755,0.1219118534023661,3.8462999826614497,3.8462999826614497,1.1840573832750816,0.0,1.1840573832750816,1.1840573832750816,-103.10880032158218,-61.33426939755969,4.35389431175881,120.05112953223846,1.1814137437460404,0.07908438139716778,-60.41198118941126,60.423303589498076
3,1,9,0.1760565361060516,0.17473193755006558,1.3245985559860174,1.3245985559860174,0.6955847796307004,0.0,0.6955847796307004,0.6955847796307004,-165.18357113389004,55.7009946590529,1.4560713359774713,174.32823386442084,-0.6824568068121486,0.134505568976545,-60.044808920593205,60.047661107792806
3,1,10,0.16665721089893215,0.165,1.6572108989321432,1.6572108989321432,0.6025714768268083,0.0,0.6025714768268083,0.6025714768268083,-162.9155418955771,-3.0555723239827914,2.5754552323262736,162.9645460921189,0.5639887069657306,-0.21215696278698046,-0.3863818267839121,0.7152454902080514
3,1,11,0.1780951827641339,0.17473193755006555,3.3632452140683613,3.3632452140683613,0.8071406127551379,0.0,0.8071406127551379,0.8071406127551379,-162.07036132170347,-61.42393922820627,2.6907983050173945,173.34053976140774,0.4648540779580632,-0.6598455943221448,29.45236898944016,29.465857970030207
3,2,3,0.1300753225101317,0.12641696879770534,3.658353712426371,3.658353712426371,1.0469180374604214,0.0,1.0469180374604214,1.0469180374604214,-105.54157294464768,233.76308355172188,-1.2292481275696376,256.48725875216263,-0.4279907304454376,0.9554466449300921,-89.80872263827813,89.80995254084003
3,2,4,0.07824484318997277,0.07786205751198719,0.38278567798558094,0.38278567798558094,0.14636665347823052,0.0,0.14636665347823052,0.14636665347823052,-105.47061967536588,115.08447099590039,0.6305847710483814,156.10536414955573,0.08520622246608758,-0.11900885406265822,-179.98338864904798,179.98330017188118
3,2,5,0.05310457488548531,0.0525,0.6045748854853137,0.6045748854853137,0.22764743067053755,0.0,0.22764743067053755,0.22764743067053755,-105.55352354805699,-1.8378869660071462,1.4288752234051794,105.57919229807595,0.18289683864227557,0.13554394678319331,-60.12557106829565,60.12617806961923
3,2,6,0.15868757880285816,0.15742061491431167,1.2669638885464962,1.2669638885464962,0.5226936422298125,0.0,0.5226936422298125,0.5226936422298125,-216.02625608683425,230.7681173540194,1.2419381603685498,316.10569390064325,0.5191753007712205,0.06054544596270986,0.0811547423277839,0.5289142105859126
3,2,7,0.123168232593577,0.12191185340236611,1.2563791912108824,1.2563791912108824,0.710850162505792,0.0,0.710850162505792,0.710850162505792,-216.1817589149243,115.45402648880524,0.14004684437129988,245.0799965993692,0.4979204046739671,0.5073358884959683,-90.2439438410466,90.24834367472181
3,2,8,0.10861192524516183,0.10750000000000001,1.1119252451618211,1.1119252451618211,0.9860076391539692,0.0,0.9860076391539692,0.9860076391539692,-215.97445046692454,-4.27048240883518,3.4068873411351452,216.04353069659226,0.1632536730014486,0.9724000522673294,179.6743419171326,179.6729686531455
3,2,9,0.2028750893662605,0.20112185361118767,1.7532357550728295,1.7532357550728295,1.0208372137167838,0.0,1.0208372137167838,1.0208372137167838,-331.6886702170495,230.63461451910533,1.3509373256470614,403.9944608486467,-0.8172852871715335,-0.6117015244133505,-179.94968233590075,179.95404702771816
3,2,10,0.17557637486486227,0.17473193755006555,0.8444373147967199,0.8444373147967199,0.6808122345166094,0.0,0.6808122345166094,0.6808122345166094,-331.54844239863917,113.03646345487844,2.0930772080288707,350.2941516776273,0.20819595525229428,0.6481987288993669,-120.29742912627366,120.29976744521856
3,2,11,0.1668267098619974,0.165,1.8267098619973998,1.8267098619973998,0.8331352481584935,0.0,0.8331352481584935,0.8331352481584935,-331.7871936899065,-3.1296776328758047,1.8407233195057993,331.80705996263583,0.7127660153438227,0.43137981952878557,-90.45617478975929,90.46186247835982
3,3,4,0.06120691666006817,0.0575,3.7069166600681642,3.7069166600681642,1.0851200213020282,0.0,1.0851200213020282,1.0851200213020282,2.463698715184828,-83.9998900313087,2.8786448987647706,84.08530152817639,0.9555014248601973,-0.5143218942336026,-90.18374620644765,90.18457902647177
3,3,5,0.12063026093142665,0.11500000000000002,5.630260931426628,5.630260931426628,0.9101282040537554,0.0,0.9101282040537554,0.9101282040537554,3.598987803641887,-166.86913667607905,4.6655260959495015,166.9731374263019,-0.5832970669349505,-0.698652089961819,29.684466329684845,29.694547341898478
3,3,6,0.05562037978640483,0.055,0.6203797864048275,0.6203797864048275,0.5709465014668711,0.0,0.5709465014668711,0.5709465014668711,-76.1861662302486,-2.3191348600976602,2.1030936489768726,76.25046435438121,-0.5690278701267504,0.04676817795778825,89.88724532908364,89.88890270791246
3,3,7,0.08243449935802492,0.07956915231419774,2.865347043827182,2.865347043827182,1.033756116927649,0.0,1.033756116927649,1.033756116927649,-76.20305587289765,-84.11092317250763,1.962787224514373,113.51390071259183,0.3453212778273237,-0.9743800184492596,-0.43786627121492105,1.121521554042512
3,3,8,0.13502427935543554,0.12747548783981963,7.54879151561591,7.54879151561591,1.7966617027260703,0.0,1.7966617027260703,1.7966617027260703,-72.92974910895104,-168.74757582506504,6.266644544426936,183.93956476456287,1.7845924761770569,0.20793496783104531,-90.51119777645356,90.52839407055421
3,3,9,0.11371942399565596,0.1125,1.2194239956559576,1.2194239956559576,0.22727314233799503,0.0,0.22727314233799503,0.22727314233799503,-158.01553051123744,-2.7428631767701384,1.7766017850233684,158.04931981839354,-0.031249946994506696,-0.22511447546902402,-90.1508544864834,90.15114066283681
3,3,10,0.12997096886517226,0.1263427876849328,3.62818118023947,3.62818118023947,1.0625937622787223,0.0,1.0625937622787223,1.0625937622787223,-156.24484955231893,-85.93467296402014,3.5202725055882844,178.35249745258255,0.7805128391772627,-0.7210668307218483,-30.492434487907627,30.505596121927805
3,3,11,0.1667493214157572,0.16087650543196172,5.872815983795493,5.872815983795493,1.2631459896495258,0.0,1.2631459896495258,1.2631459896495258,-155.73498565319494,-168.384087783742,4.242921359307483,229.40049946943233,0.44718256718240534,-1.1813525643268785,-0.6507499244623456,1.4188084061550312
3,4,5,0.059427777734419054,0.05750000000000001,1.927777734419045,1.927777734419045,0.3612320948891176,0.0,0.3612320948891176,0.3612320948891176,1.9234525696876088,-0.10178967241213088,0.7097112174606623,2.052734989577839,0.1501938229404078,-0.3285280644759233,119.85723103254666,119.85799129746702
3,4,6,0.08044960654705872,0.07956915231419776,0.8804542328609694,0.8804542328609694,0.6070782822635432,0.0,0.6070782822635432,0.6070782822635432,-0.6989487954688206,-0.5399153458295197,0.5825427512577974,1.0580142042489453,-0.058562508879934826,-0.6042471352829089,-179.93492602993928,179.935235744781
3,4,7,0.055714524444612314,0.05500000000000001,0.7145244446123065,0.7145244446123065,0.8554892289715696,0.0,0.8554892289715696,0.8554892289715696,-0.3866085558905663,-0.7098906839837771,-0.6056796945516085,1.0100786360907126,0.5931156754889728,-0.6165137414442565,89.73411331878937,89.74051236260762
3,4,8,0.08315298160138733,0.07956915231419776,3.5838292871895745,3.5838292871895745,1.0936330964798242,0.0,1.0936330964798242,1.0936330964798242,4.342747809600408,-0.527408492108819,2.569007339285445,5.0732057877283205,1.0908975543416302,-0.07730845918672925,-0.3453772015729657,1.146650473606704
3,4,9,0.12767980689940167,0.1263427876849328,1.337019214468882,1.337019214468882,1.0281275731096182,0.0,1.0281275731096182,1.0281275731096182,-0.5823262659482159,-1.202466672798913,0.570559309354346,1.452779372339857,-0.4927031299979798,0.9023912703806292,0.026678520107195944,1.028581600446354
3,4,10,0.1136056998287304,0.1125,1.1056998287303914,1.1056998287303914,0.8264562248367642,0.0,0.8264562248367642,0.8264562248367642,2.016900506956354,-1.0812044421402989,1.223578110853496,2.595001752219933,0.7818314771229362,-0.2679064907631607,59.68296052916677,59.68998314215955
3,4,11,0.1290034294095741,0.1263427876849328,2.6606417246413105,2.6606417246413105,0.9790481726955701,0.0,0.9790481726955701,0.9790481726955701,3.1825289662409246,-1.336439658429056,0.8834498203842411,3.563010688549986,0.5176186800305353,-0.8310385162928329,89.52059739722873,89.5285685131024
3,5,6,0.13003242385230834,0.12747548783981963,2.5569360124887144,2.5569360124887144,0.3458256392179985,0.0,0.3458256392179985,0.3458256392179985,-97.13748469131525,200.9701897151188,-0.5269971050535505,223.21511107502351,0.3450079197196025,-0.02376793848204185,60.20607212733747,60.20704377876096
3,5,7,0.0816776258421482,0.07956915231419776,2.108473527950447,2.108473527950447,0.5052069872955002,0.0,0.5052069872955002,0.5052069872955002,-97.0046357523075,101.08686046738461,-1.4181122407631586,140.1087568959119,0.5022601397748838,0.054487870707495605,-30.11961315428689,30.123990642323697
3,5,8,0.05550954145976,0.055000000000000014,0.5095414597599892,0.5095414597599892,0.9578621473607035,0.0,0.9578621473607035,0.9578621473607035,-94.34637405134016,-2.4117819863848227,2.074953014276848,94.40000221926215,0.7637850115531267,0.5780589444204547,-120.19550013846268,120.20165518471775
3,5,9,0.16344032928860952,0.16087650543196172,2.563823856647801,2.563823856647801,0.929875868417948,0.0,0.929875868417948,0.929875868417948,-197.17317254084526,200.41361369027814,-0.3250561069378932,281.1458379270279,-0.8786319826982657,-0.3044375714563858,-119.8276876155379,119.83220763411897
3,5,10,0.12717450159287116,0.1263427876849328,0.8317139079383751,0.8317139079383751,0.48302560418139423,0.0,0.48302560418139423,0.48302560418139423,-195.6390051411731,98.71046396101362,0.6356923201972231,219.13187840374226,0.41440747316365645,0.24815570579873866,-60.1713606630563,60.1740152321971
3,5,11,0.11374175163903665,0.1125,1.2417516390366423,1.2417516390366423,0.6617097732702123,0.0,0.6617097732702123,0.6617097732702123,-195.15090116128172,-1.9482479825322918,0.5973428381073065,195.1615400449792,0.6508513203029428,-0.11938591193006665,-30.3327831119944,30.339152602190826
3,6,7,0.05782479959475049,0.05750000000000001,0.32479959475047865,0.32479959475047865,0.5615256780851986,0.0,0.5615256780851986,0.5615256780851986,-0.23622701226740095,-115.32142587553463,-0.5782341150316617,115.32311747372917,0.5614081591118893,-0.011487830773962555,-90.32454955143847,90.32586129313793
3,6,8,0.12005813226018615,0.11500000000000002,5.058132260186129,5.058132260186129,1.2408401429503126,0.0,1.2408401429503126,1.2408401429503126,-0.1205068164447376,-235.01400884726888,3.2524268353354424,235.0365443004049,0.6820709128946146,1.0365878109237272,179.6025568470166,179.59641029905393
3,6,9,0.058162669482062244,0.057499999999999996,0.662669482062249,0.662669482062249,0.626348280481648,0.0,0.626348280481648,0.626348280481648,-115.66262758971682,-0.050687622402113136,0.04799900479379726,115.66264865589517,-0.2981186530865162,-0.5508540419119468,179.9641702328883,179.96273768658497
3,6,10,0.0836370173637615,0.08131727983645298,2.3197375273085186,2.3197375273085186,0.5716888064820528,0.0,0.5716888064820528,0.5716888064820528,-115.60830821655432,-117.63978458148483,1.3347285149679644,164.94296391565373,0.5229799067005374,0.230914680108897,-120.37589462578359,120.37776558488656
3,6,11,0.13240612163643203,0.12857390870623792,3.8322129301941175,3.8322129301941175,0.7830458862328049,0.0,0.7830458862328049,0.7830458862328049,-115.92988814054011,-233.80540992476884,1.6136267515273195,260.9737773525543,0.7781751680236157,-0.08720513414503203,-90.53685876188156,90.53891700870267
3,7,8,0.0623105507211775,0.05750000000000001,4.810550721177489,4.810550721177489,0.8224428445145829,0.0,0.8224428445145829,0.8224428445145829,3.674897196218385,-84.27744349873528,3.813422649479925,84.44367675787724,0.8106701316717706,-0.13866309233981997,-90.07685663955789,90.07882310889916
3,7,9,0.0818127022539376,0.08131727983645298,0.4954224174846117,0.4954224174846117,1.1552434474357043,0.0,1.1552434474357043,1.1552434474357043,-81.80180993204816,80.7501098871698,1.2084950066679756,114.95032324935006,-1.0073776430810832,-0.5655180476134662,-89.70918958494909,89.72001339881824
3,7,10,0.05795008193289125,0.05750000000000001,0.45008193289124143,0.45008193289124143,0.051008902298833265,0.0,0.051008902298833265,0.051008902298833265,-79.6838542647485,-2.1093150085331747,2.4792483980987656,79.7503135599502,-0.00636388686119034,-0.0506103652307699,-30.05220550433922,30.052250607737047
3,7,11,0.08432290768283462,0.08131727983645298,3.005627846381642,3.005627846381642,0.23026681877388736,0.0,0.23026681877388736,0.23026681877388736,-78.84953199406847,-84.24203822212783,2.7462659841700487,115.41885321020082,0.09824122093369336,-0.20825828396859303,-0.21158847498196456,0.31259703583113846
3,8,9,0.13330549343849563,0.12857390870623792,4.73158473225771,4.73158473225771,1.8654169360405324,0.0,1.8654169360405324,1.8654169360405324,-4.574807550176113,-1.4212024267953178,-0.7154612496508284,4.843610766652209,-1.5832373686466927,0.9866040472074045,0.3533429849827961,1.9011679137306512
3,8,10,0.08337376931323116,0.08131727983645297,2.0564894767781947,2.0564894767781947,0.7775266221859761,0.0,0.7775266221859761,0.7775266221859761,-1.9765772260652432,-0.9268671978102799,-0.15284115029623457,2.1884471092992692,0.30379815005960703,0.7157228044887493,60.025733543500685,60.02840253197758
3,8,11,0.05834492546459304,0.057499999999999996,0.844925464593048,0.844925464593048,0.6469234242361225,0.0,0.6469234242361225,0.6469234242361225,-0.8109884057314609,-0.8364657530770397,-0.5739239625224268,1.2987555062670726,0.5923620288857836,0.26003759886141503,89.86486615368071,89.86535234764345
3,9,10,0.06010289674204332,0.05750000000000001,2.602896742043309,2.602896742043309,1.1762598622693123,0.0,1.1762598622693123,1.1762598622693123,2.581538547463222,0.07952096813795828,1.6001871671893486,3.0382994958446066,0.25190916178252165,-1.148972386236114,59.65895429327689,59.67200741898776
3,9,11,0.11876534295641815,0.11500000000000002,3.76534295641813,3.76534295641813,1.3849040554443752,0.0,1.3849040554443752,1.3849040554443752,3.7451225721156503,-0.20804067879479082,2.1815755693560535,4.33918148606563,-0.3805942375238736,-1.3315905337859615,89.50698983468214,89.51100822501849
3,10,11,0.058667169650430805,0.057500000000000016,1.1671696504307882,1.1671696504307882,0.21140297766816266,0.0,0.21140297766816266,0.21140297766816266,1.043841577058613,-58.02548662777407,0.2152674769859697,58.03527413319103,0.08119226826672149,-0.1951898051732795,29.840569362677872,29.841439478825833
4,0,1,0.057338730170836086,0.05750000000000001,-0.16126982916392363,0.16126982916392363,0.43451370688058644,0.0,0.43451370688058644,0.43451370688058644,-0.31042039756846995,-2.1260956817620302,3.544245992180506,4.1446740914481195,-0.42226027092032564,0.10246275004329908,59.8900217210175,59.891829301020756
4,0,2,0.11370033313085012,0.11500000000000002,-1.2996668691498958,1.2996668691498958,1.1403671392119796,0.0,1.1403671392119796,1.1403671392119796,-2.004768026128839,-6.46580938459651,10.864465667459132,12.800874973060358,0.9150438586618602,0.6805669169464414,179.71838744600774,179.71296697367927
4,0,3,0.053598525640931545,0.052500000000000005,1.09852564093154,1.09852564093154,0.4551097173522609,0.0,0.4551097173522609,0.4551097173522609,-0.17590865335850858,-1.0858003279076018,1.1545606285020549,1.5946524547053254,0.4548342429443387,-0.01583261002022932,90.01295517888727,90.0139215642628
4,0,4,0.08032428662349611,0.0778620575119872,2.4622291115089094,2.4622291115089094,0.9567130383517194,0.0,0.9567130383517194,0.9567130383517194,-1.2188772528047704,-4.348310146514808,7.25919261174135,8.549230390043816,-0.6289685018721104,0.7209156250300346,-0.018344785822329717,0.9568212163611237
4,0,5,0.12786385405070164,0.12641696879770534,1.4468852529962994,1.4468852529962994,1.4330661654838155,0.0,1.4330661654838155,1.4330661654838155,-2.11302610968217,-6.484644826179206,11.247576330717601,13.153838647984479,0.5468039014531206,1.3246650155555892,119.69806543252783,119.69694972444795
4,0,6,0.11075132426363647,0.10750000000000001,3.2513242636364597,3.2513242636364597,1.9828888494269092,0.0,1.9828888494269092,1.9828888494269092,-0.5968545947061463,-3.143371817715457,4.852201927856847,5.812132598309103,-0.5636931310379657,-1.9011088505781693,-179.72638844189902,179.735780778302
4,0,7,0.12656305144960422,0.1219118534023661,4.651198047238125,4.651198047238125,1.7213048864729397,0.0,1.7213048864729397,1.7213048864729397,-1.7666947713173564,-5.654836118293677,10.39171514061843,11.961861289260844,1.4187319791058774,0.974825272844263,90.12616249656149,90.12699386260773
4,0,8,0.16066662700532205,0.15742061491431167,3.2460120910103862,3.2460120910103862,0.5011439815063523,0.0,0.5011439815063523,0.5011439815063523,-0.7183576053115814,-5.142826227519132,8.066284418290714,9.593208200197012,-0.4910547615909636,-0.10005376769382919,-0.1239221919205801,0.5163413121938394
4,0,9,0.1700166985662095,0.165,5.016698566209482,5.016698566209482,3.1726565836937266,0.0,3.1726565836937266,3.1726565836937266,-0.8005896667800938,-4.8132249511304295,8.276803684729606,9.607994456716405,0.1074227574383406,3.170839310410245,0.3149860652436641,3.1879581128679972
4,0,10,0.17930038098837178,0.17473193755006552,4.568443438306257,4.568443438306257,1.175215992475703,0.0,1.175215992475703,1.175215992475703,-0.7265938261450805,-4.905683303387864,7.580617072681095,9.058665600625442,0.4895527248744355,1.0684093493386952,59.99826065675037,60.00413440537352
4,0,11,0.20487667172775673,0.20112185361118767,3.7548181165690533,3.7548181165690533,1.2532869343501827,0.0,1.2532869343501827,1.2532869343501827,1.4214857368596012,-3.570082415165432,2.1483927968390937,4.402465418453486,-1.221444840352104,-0.28073578577422764,89.88114098076448,89.88501637669265
4,1,2,0.056450771187990564,0.05750000000000001,-1.049228812009445,1.049228812009445,0.7162201204669579,0.0,0.7162201204669579,0.7162201204669579,-3.5614387958867177,-60.37484374280835,6.991535872755583,60.88256874611485,0.35097535808780056,0.6243335923523643,119.82520881966019,119.82459341946068
4,1,3,0.07710130375830945,0.07786205751198719,-0.7607537536777342,0.7607537536777342,0.8312088469481548,0.0,0.8312088469481548,0.8312088469481548,-51.83789924878733,58.20667165437293,-2.345215323894534,77.97874363262618,0.8238550232482834,0.11032627426067773,30.12456149169566,30.13496864013103
4,1,4,0.05485569139269335,0.05249999999999999,2.355691392693357,2.355691392693357,1.0857796373242474,0.0,1.0857796373242474,1.0857796373242474,-54.30038329445447,-1.5500297004157615,3.4328483695735823,54.430861337345426,-0.8019931402906552,0.7319558829917996,-59.90629683562652,59.91010070180116
4,1,5,0.07996521518493532,0.0778620575119872,2.103157672948122,2.103157672948122,1.1289058974002095,0.0,1.1289058974002095,1.1289058974002095,-56.077137851871626,-60.389142168489116,7.099815149286259,82.71578601849733,0.12664537553778776,1.1217805148510644,59.80600334490656,59.81443223647013
4,1,6,0.1229511364157183,0.1219118534023661,1.0392830133521964,1.0392830133521964,2.376776000362665,0.0,2.376776000362665,2.376776000362665,-108.12948069485854,56.55422981391782,1.0554107132901835,122.03064941627963,0.3575040526206653,-2.349750342104632,120.37000048138206,120.3914542208382
4,1,7,0.11124922369038434,0.10750000000000001,3.749223690384329,3.749223690384329,1.8583320039444409,0.0,1.8583320039444409,1.8583320039444409,-110.32888424552229,-2.4840091467320664,6.273005466185366,110.53498811635028,1.1632316633226434,1.4493372831149611,30.244800208448574,30.285822457505883
4,1,8,0.12447449616658715,0.1219118534023661,2.562642764221051,2.562642764221051,0.2873728793976981,0.0,0.2873728793976981,0.2873728793976981,-109.11524298523031,-59.949151452675665,3.629586159524689,124.55204096003851,-0.2728799894346828,0.09010962530426943,-60.01387872491409,60.01428809096785
4,1,9,0.17749431020961498,0.17473193755006558,2.7623726595494,2.7623726595494,3.507057342519151,0.0,3.507057342519151,3.507057342519151,-166.5359806164321,55.12933099826986,4.170738139034014,175.4732772612908,-1.3882083407149357,3.2209252321713158,-59.609346569322355,59.664003843233246
4,1,10,0.16782864926556784,0.165,2.828649265567834,2.828649265567834,1.3276073815726548,0.0,1.3276073815726548,1.3276073815726548,-166.46482362433062,-2.386180843129637,3.1586838598500755,166.5118874045397,0.3069323147109192,1.2916461873791891,0.1111330756254158,1.3319663553391285
4,1,11,0.1766747515356114,0.17473193755006555,1.9428139855458548,1.9428139855458548,1.0768096724070855,0.0,1.0768096724070855,1.0768096724070855,-163.89393544543753,-59.662721409617866,-2.5931453040871633,174.43505038943013,-0.4951550965499387,-0.9562234387227667,29.987914934109142,30.00266944810367
4,2,3,0.12297269157512762,0.12641696879770534,-3.444277222577716,3.444277222577716,1.4667585739379734,0.0,1.4667585739379734,1.4667585739379734,-100.03595149219765,228.04554239948027,-9.128062914452562,249.1892504338674,0.9345440289857553,1.1305403676073817,-89.6871614372958,89.70581851543578
4,2,4,0.07594659019473027,0.07786205751198719,-1.9154673172569192,1.9154673172569192,1.4267578830892946,0.0,1.4267578830892946,1.4267578830892946,-103.10732337310475,114.00463142176373,-3.7429949381394545,153.76015781041954,-1.3971091657174153,0.2893797396921061,-179.7213799921018,179.7178735390296
4,2,5,0.05252034434134072,0.0525,0.020344341340725047,0.020344341340725047,0.7056216181955658,0.0,0.7056216181955658,0.7056216181955658,-105.01812500987478,-0.15441570174101749,-0.45746144233127506,105.01923488470982,-0.1919984098257315,0.6789994141505663,-60.01541288421213,60.018036895746434
4,2,6,0.15424744393598253,0.15742061491431167,-3.173170978329143,3.173170978329143,2.970661020044744,0.0,2.970661020044744,2.970661020044744,-212.14669950719647,228.1421126840364,-6.340708196046818,311.6011076234481,2.5733080698971302,-1.4847204915001186,0.5299454367392205,3.0235833528067997
4,2,7,0.1210855076919426,0.12191185340236611,-0.8263457104235178,0.8263457104235178,2.093402191987466,0.0,2.093402191987466,2.093402191987466,-214.45875475983829,114.23846636264253,-1.507112489348983,242.9922963348522,-0.05493032728766153,2.0926817097706873,-89.58273980378286,89.60099601791235
4,2,8,0.1062216718741343,0.10750000000000001,-1.2783281258657158,1.2783281258657158,0.7178986935234627,0.0,0.7178986935234627,0.7178986935234627,-213.61084580931825,-1.7748959055432778,-4.514612042227917,213.6659201293919,-0.577934091917801,0.4258836355138362,-179.83734688221682,179.83520217542755
4,2,9,0.19909435750335486,0.20112185361118767,-2.0274961078328158,2.0274961078328158,3.9772450798389865,0.0,3.9772450798389865,3.9772450798389865,-328.8639635546615,228.01435193954305,-3.862757242610426,400.196167034127,-3.8419639365019695,1.0292617894419445,-179.4105649605934,179.3764183534022
4,2,10,0.172870673465661,0.17473193755006555,-1.8612640844045403,1.8612640844045403,1.6513857555218492,0.0,1.6513857555218492,1.6513857555218492,-328.6514279854235,112.95292779056743,-5.2395288201386725,347.55945919450414,-0.6111526114540972,1.5341631816445993,-119.71574503645294,119.7144725598367
4,2,11,0.16237458075666755,0.165,-2.6254192433324555,2.6254192433324555,1.31518852592947,0.0,1.31518852592947,1.31518852592947,-326.9248190563057,-4.119136268173867,-11.352980484895747,327.1478179118492,1.1977433134719553,-0.54329992866942,-89.85191853787578,89.85380684321474
4,3,4,0.05687975823199679,0.0575,-0.6202417680032102,0.6202417680032102,0.6973086952020447,0.0,0.6973086952020447,0.6973086952020447,-3.0883187329202726,-82.85851398883476,6.553509822083359,83.17463281567387,-0.6439145474551562,-0.2676125690615931,-90.02849662148519,90.03212089540688
4,3,5,0.113640802078157,0.11500000000000002,-1.359197921843025,1.359197921843025,1.5717339223643723,0.0,1.5717339223643723,1.5717339223643723,-5.263459872629397,-165.03842811656187,10.991710355407914,165.48777737813003,-0.9931527005404346,1.2182544420520054,29.662548992364332,29.71377171826209
4,3,6,0.05717880910773471,0.055,2.1788091077347067,2.1788091077347067,1.5458820685070656,0.0,1.5458820685070656,1.5458820685070656,-79.56348709405736,-1.1265195881354495,3.7098469154628333,79.65789658963419,0.6370213503195027,-1.4085584558637239,90.24535055387734,90.26356194680523
4,3,7,0.08221700095104924,0.07956915231419774,2.6478486368514966,2.6478486368514966,1.3827723076173433,0.0,1.3827723076173433,1.3827723076173433,-82.20724217319443,-83.36763881485209,9.697042463106653,117.4828774750481,-0.019665983115104823,1.3826324814989859,0.0967617065908726,1.3861701210840143
4,3,8,0.12898075525352606,0.12747548783981963,1.5052674137064348,1.5052674137064348,0.7508447503015155,0.0,0.7508447503015155,0.7508447503015155,-81.10189530608149,-165.08580490842544,7.836320794805007,184.09847454039482,0.03475388339005631,-0.7500400493573076,-90.13953284863628,90.14175926227102
4,3,9,0.1164471159242145,0.1125,3.9471159242144975,3.9471159242144975,2.717557022881921,0.0,2.717557022881921,2.717557022881921,-162.23365972331354,-2.1337469572817733,7.148967073843715,162.40511369264362,-1.8583046352367134,1.9832295423754718,-89.7332507185938,89.7334691998733
4,3,10,0.12967202410752393,0.1263427876849328,3.329236422591142,3.329236422591142,0.8590688315425982,0.0,0.8590688315425982,0.8590688315425982,-162.2534467873012,-83.58067799445688,6.909869414770342,182.6462620030912,-0.5422572785030625,0.6663104058761921,-30.025307340820195,30.034160239940665
4,3,11,0.16375996216440994,0.16087650543196172,2.8834567324482197,2.8834567324482197,1.6972774194492566,0.0,1.6972774194492566,1.6972774194492566,-159.7713332561186,-165.51244303880233,1.9509562262545188,230.05445868599733,-0.99744350777424,-1.37333449248507,-0.12164279262499343,1.7025268458375893
4,4,5,0.056786384936802325,0.05750000000000001,-0.713615063197684,0.713615063197684,1.2010814034639663,0.0,1.2010814034639663,1.2010814034639663,-0.9481304625854198,-2.1696798148007623,4.676756944205662,5.241995553986306,-0.39125379319344955,1.1355778492237454,119.69231445683549,119.69984819781665
4,4,6,0.07832500603808747,0.07956915231419776,-1.244146276110289,1.244146276110289,1.6730054503001806,0.0,1.6730054503001806,1.6730054503001806,0.6740352246939058,1.2242462178524844,-3.7127622310019204,3.967077724220769,-1.1891120301248075,-1.176927653725779,-179.69520288044473,179.7074478613728
4,4,7,0.056396255801587795,0.05500000000000001,1.3962558015877882,1.3962558015877882,0.7782035171369768,0.0,0.7782035171369768,0.7782035171369768,-0.5691609635496975,-1.3376167442390035,2.507322040531723,2.8982454298822824,0.6962623591655986,0.3475994662087085,90.13221264890747,90.13273698769508
4,4,8,0.08048440657218575,0.07956915231419776,0.9152542579879963,0.9152542579879963,0.8315110082906483,0.0,0.8315110082906483,0.8315110082906483,0.5036333997823911,-0.7894544972863043,0.9246516077766609,1.3160036475731764,0.13930556916064482,-0.8197596229977522,-0.11459437642253395,0.8392346459133635
4,4,9,0.1265718349445157,0.1263427876849328,0.22904725958292071,0.22904725958292071,2.5534612758203536,0.0,2.5534612758203536,2.5534612758203536,0.44617120569024477,-0.47966850947851747,-0.9404916903745786,1.1461567272568187,0.7327564978221748,2.446131367399275,0.36001463246511967,2.5765744157659634
4,4,10,0.1130589018246184,0.1125,0.5589018246184019,0.5589018246184019,0.24267652040018622,0.0,0.24267652040018622,0.24267652040018622,0.5243957598968091,-0.5539988181828687,-0.9130400287010731,1.1897679175184643,0.1794884232930708,0.16332754427954727,60.00931549125855,60.009504658135796
4,4,11,0.12698321910443455,0.1263427876849328,0.6404314195017635,0.6404314195017635,2.144332942418806,0.0,2.144332942418806,2.144332942418806,2.7356714743222015,0.8520066572044599,-5.5791933726513365,6.271938492107326,-1.9413034350442144,-0.9109458358212121,89.90301488599752,89.90768101479578
4,5,6,0.12485232963688427,0.12747548783981963,-2.6231582029353633,2.6231582029353633,2.87262803589113,0.0,2.87262803589113,2.87262803589113,-91.8634893070386,199.1009879570027,-7.316010438237264,219.39377402709343,0.8048585683332329,-2.7576611129302955,60.57588616275611,60.65685061647944
4,5,7,0.07875077119930304,0.07956915231419776,-0.8183811148947118,0.8183811148947118,1.6582286840058185,0.0,1.6582286840058185,1.6582286840058185,-94.46198209459617,99.32335367035438,-2.0186974897016263,137.08489991651535,1.1858358740626087,1.1591839889621485,-29.546533752127406,29.603972273892253
4,5,8,0.053770495160155085,0.055000000000000014,-1.229504839844929,1.229504839844929,0.933918033126932,0.0,0.933918033126932,0.933918033126932,-93.17561215775238,-0.7240587098769659,-4.515876917450146,93.28779183966572,0.39210149462920096,0.8476264075313288,-119.81364567421059,119.81875141830999
4,5,9,0.15879754963530163,0.16087650543196172,-2.0789557966600922,2.0789557966600922,3.677352015638694,0.0,3.677352015638694,3.677352015638694,-192.89878787988243,198.12565490759388,-5.359739662257335,276.5726745492729,-2.1323180549427456,2.9967123121523516,-119.39629908287334,119.37503190784128
4,5,10,0.12436099006092136,0.1263427876849328,-1.9817976240114332,1.9817976240114332,1.359180170444474,0.0,1.359180170444474,1.359180170444474,-192.65814840588624,98.58961224367677,-6.240098735622701,216.5086894832938,0.7412042823191315,1.1393240808509382,-59.67771485049532,59.69913346911719
4,5,11,0.11001934396525977,0.1125,-2.480656034740236,2.480656034740236,1.9929804174366887,0.0,1.9929804174366887,1.9929804174366887,-190.0443531914183,-1.9443563689924281,-11.82614637357271,190.42188540103095,0.9558303228205371,-1.7488976823495557,-29.843786408199527,29.894194135741408
4,6,7,0.056657572885678464,0.05750000000000001,-0.842427114321545,0.842427114321545,1.607779722575535,0.0,1.607779722575535,1.607779722575535,-2.707451205102074,-113.60275495130547,7.431766959595132,113.87777388365167,-1.5331422354120663,-0.4842380511884679,-90.166788483933,90.18451182699236
4,6,8,0.11494084223953878,0.11500000000000002,-0.05915776046123977,0.05915776046123977,2.2593884160154385,0.0,2.2593884160154385,2.2593884160154385,-2.4788063813494245,-229.69778713575835,7.0477201858893945,229.81925127360188,2.0052645616051175,-1.0412457786756213,179.58548348745077,179.60378388139046
4,6,9,0.05926922409651293,0.057499999999999996,1.7692240965129362,1.7692240965129362,1.3500454907679873,0.0,1.3500454907679873,1.3500454907679873,-116.63182759592591,0.5996345808464871,3.9885246066454494,116.701547112856,-1.2701165467678548,-0.45766919964109287,-179.9610274918805,179.9661028195457
4,6,10,0.08252764768536702,0.08131727983645298,1.2103678489140401,1.2103678489140401,1.5553878033787443,0.0,1.5553878033787443,1.5553878033787443,-116.98726124771444,-114.46466930041464,5.206230231236009,163.75373169950942,-0.5965590565527102,-1.4364620003725366,-120.2790268992817,120.29256464269484
4,6,11,0.1305990289336481,0.12857390870623792,2.025120227410193,2.025120227410193,3.137934264711753,0.0,3.137934264711753,3.137934264711753,-115.97051418056711,-231.76582322520773,1.7458111041850355,259.16713686533416,-0.27048189344015866,-3.126266721462943,-90.36818937688285,90.4182432285928
4,7,8,0.058596736829595646,0.05750000000000001,1.0967368295956361,1.0967368295956361,1.5917791622330784,0.0,1.5917791622330784,1.5917791622330784,1.0687038270901783,-81.7883433720889,-0.8682423822936602,81.79993327781611,1.417403939392541,-0.7244543072178777,-90.25432332265775,90.25636950944401
4,7,9,0.08006701660265854,0.08131727983645298,-1.2502632337944437,1.2502632337944437,2.053823451283273,0.0,2.053823451283273,2.053823451283273,-79.94166165002758,81.37057846861653,-4.478285334669541,114.15732717273775,-0.4747784911767048,1.998216092308752,-89.78218690343319,89.79238307181825
4,7,10,0.05682994579048638,0.05750000000000001,-0.6700542095136319,0.6700542095136319,0.5464198806946425,0.0,0.5464198806946425,0.5464198806946425,-80.03643304031782,-0.14517723638718394,-3.7524196188928327,80.12448029936603,0.16859880477976888,-0.5197594720502742,-30.121397171008315,30.12547369256612
4,7,11,0.0825945345576781,0.08131727983645298,1.2772547212251129,1.2772547212251129,2.92230557304549,0.0,2.92230557304549,2.92230557304549,-77.51696926174661,-82.14839263629932,-7.6848139605106836,113.20907782444756,-0.9724788932338181,-2.755881729271919,-0.21954124641935793,2.932383675607479
4,8,9,0.1285006573711899,0.12857390870623792,-0.07325133504801351,0.07325133504801351,3.321594004142831,0.0,3.321594004142831,3.321594004142831,0.04223092949548479,0.07941364193436717,-0.08085453862460845,0.1209439305940186,0.6000301606519292,3.267007930141751,0.46699772556552055,3.35191400637797
4,8,10,0.08115705703445107,0.08131727983645297,-0.16022280200189698,0.16022280200189698,1.073966421277401,0.0,1.073966421277401,1.073966421277401,0.11498856811929803,0.11830643111879202,-0.8772756824859673,0.8926541354429562,0.820948084769946,0.692445614599185,60.12770378899754,60.131437568245616
4,8,11,0.05628017728695332,0.057499999999999996,-1.2198227130466726,1.2198227130466726,1.3613231500391756,0.0,1.3613231500391756,1.3613231500391756,2.250462859047037,1.630309190097795,-6.40089221725193,6.978102343197885,-1.1214290673360257,-0.7717989594030611,90.00457328147937,90.00510601232618
4,9,10,0.05757827907642914,0.05750000000000001,0.07827907642912746,0.07827907642912746,2.343344989020656,0.0,2.343344989020656,2.343344989020656,0.02298485639402187,-0.4043028636240842,2.4901754574098156,2.522887813170509,-2.301677914985473,-0.44005533008169173,59.670938047767365,59.70386745267136
4,9,11,0.11738874641681858,0.11500000000000002,2.388746416818563,2.388746416818563,4.397422004581204,0.0,4.397422004581204,4.397422004581204,2.386651639790988,0.5993771331093967,0.36407301849117335,2.4875506347016785,-4.393020969743396,-0.1968833013840981,89.58235065977789,89.6597604848529
4,10,11,0.0599098179422222,0.057500000000000016,2.4098179422221837,2.4098179422221837,2.3816515523851813,0.0,2.3816515523851813,2.3816515523851813,2.6318216807156016,-57.40213734653639,-4.4177501182552925,57.632008236890876,-1.4051975101866971,-1.9231291385701659,29.90310728145678,29.97213555651698
5,0,1,0.05561702227141286,0.05750000000000001,-1.8829777285871498,1.8829777285871498,1.012441290036508,0.0,1.012441290036508,1.012441290036508,-2.0411535835431898,1.696655457594759,-3.832868475815765,4.662169928938622,-0.06484327067487515,-1.0103628812756045,59.76472603353981,59.77193744945601
5,0,2,0.11204791131934369,0.11500000000000002,-2.9520886806563285,2.9520886806563285,1.519036695046184,0.0,1.519036695046184,1.519036695046184,-3.185423448321095,2.8653636704811527,-6.635103061153447,7.898216516489968,-1.4114407561989029,0.561579264028391,179.61590322091047,179.62285381825382
5,0,3,0.05414101634431605,0.052500000000000005,1.641016344316043,1.641016344316043,0.6341459500711858,0.0,0.6341459500711858,0.6341459500711858,1.9692013719699863,-1.5162328525270135,3.101368274441074,3.9743177125338494,-0.12252232274177716,0.6221976828312081,90.09185899634561,90.09427608489133
5,0,4,0.07794839979849946,0.0778620575119872,0.0863422865122615,0.0863422865122615,1.511212567770227,0.0,1.511212567770227,1.511212567770227,-0.1296249792811649,-0.26768317955468135,-0.40584848272684493,0.5031599256715785,0.4547259215923287,-1.4411909561973388,-0.41372273755513744,1.5653180410270788
5,0,5,0.1250955630137387,0.12641696879770534,-1.3214057839666393,1.3214057839666393,1.6280069557931303,0.0,1.6280069557931303,1.6280069557931303,-1.288843285460306,0.4182126316710638,-2.48196472292328,2.827749583255382,-1.6233872189296197,0.12257490057522087,119.54604683683235,119.5545210132566
5,0,6,0.10885918257856773,0.10750000000000001,1.3591825785677218,1.3591825785677218,0.43154477580096606,0.0,0.43154477580096606,0.43154477580096606,0.19802685395009512,-1.3570433630963192,0.6530905634182238,1.5189827544231942,-0.041329854522329255,0.4295611349408777,179.922211691593,179.92236717307904
5,0,7,0.12445356977343365,0.1219118534023661,2.541716371067551,2.541716371067551,1.8968525719176523,0.0,1.8968525719176523,1.8968525719176523,1.85971604178041,-1.8287280215827928,3.5134555601129547,4.375746782649351,-1.8964471211845104,0.03922445722829227,89.83251079867567,89.8489037992387
5,0,8,0.15904971296515683,0.15742061491431167,1.629098050845157,1.629098050845157,3.1439274650434914,0.0,3.1439274650434914,3.1439274650434914,0.7454692761943715,-1.5544613182263134,2.630969958740459,3.1454852336970873,1.2169683916697782,-2.8990570832989526,-0.6104150037086313,3.1968975507895587
5,0,9,0.16608035307639463,0.165,1.080353076394619,1.080353076394619,0.9288459895123689,0.0,0.9288459895123689,0.9288459895123689,-4.980131838509427,-0.8321084611983554,-7.589055815074297,9.11525566204515,0.7157177304132544,0.5920483382304977,-0.30533188044204257,0.9789035649118875
5,0,10,0.17546703689933674,0.17473193755006552,0.7350993492712121,0.7350993492712121,0.9618359566276569,0.0,0.9618359566276569,0.9618359566276569,-2.1072117191646282,-1.451500650962445,-3.7706731163540397,4.556881732009756,-0.33082756610003783,-0.9031559079289274,59.707203966117376,59.71162952888673
5,0,11,0.20250526435179253,0.20112185361118767,1.3834107406048568,1.3834107406048568,1.8414388594059994,0.0,1.8414388594059994,1.8414388594059994,-0.35950039440771353,-1.9309338667470866,-0.03547880033982764,1.9644350018780743,-1.755661138142125,-0.5555606607384461,89.64414975446482,89.650525934381
5,1,2,0.056437458452982404,0.05750000000000001,-1.062541547017605,1.062541547017605,0.5674277420024834,0.0,0.5674277420024834,0.5674277420024834,-0.3441221140864925,-55.736405995549745,-3.3744354666226384,55.83952173907436,-0.4926009410497208,-0.28163897043272434,119.85712545217507,119.85672820574561
5,1,3,0.07754451424923563,0.07786205751198719,-0.3175432627515601,0.3175432627515601,1.5273885357526942,0.0,1.5273885357526942,1.5273885357526942,-50.42377040676478,52.46682636441869,8.277410722802747,73.23824150716726,-0.34659653992939476,1.4875528798737983,30.327842136375466,30.369872003904298
5,1,4,0.054605517952126745,0.05249999999999999,2.1055179521267537,2.1055179521267537,0.964554898850168,0.0,0.964554898850168,0.964554898850168,-51.56798381081409,-2.7318921890256975,4.206341385669554,51.81132595386495,0.10373667061580909,-0.958960823460264,-60.16462465465578,60.170764193556614
5,1,5,0.07929235466799348,0.0778620575119872,1.4302971560062745,1.4302971560062745,0.9195943622928983,0.0,0.9195943622928983,0.9195943622928983,-52.15320884779218,-58.87427660003319,1.5651385076598245,78.66757462161144,-0.9090018917779731,0.13917965786443104,59.78990371139738,59.79742546590185
5,1,6,0.12367700809025782,0.1219118534023661,1.7651546878917208,1.7651546878917208,0.81085707283362,0.0,0.81085707283362,0.81085707283362,-106.718227101692,53.35552040118464,6.651192946444451,119.49824233276559,0.7596175055973624,0.28368142846558264,120.1630423047322,120.1628127090158
5,1,7,0.11133652157927815,0.10750000000000001,3.836521579278135,3.836521579278135,1.5987372926521393,0.0,1.5987372926521393,1.5987372926521393,-105.35125687903768,-5.153474773766195,8.93487035084295,105.85498352190699,-1.595844149761856,0.09614973391824243,30.081792896311185,30.12460458123594
5,1,8,0.12626190229135567,0.1219118534023661,4.350048888989572,4.350048888989572,2.371975187543024,0.0,2.371975187543024,2.371975187543024,-106.08284126870532,-61.66613387722168,7.492704860015409,122.9325908989315,1.4922837360819672,-1.8439426402666639,-60.35228825607826,60.37049752034239
5,1,9,0.17813721053163098,0.17473193755006558,3.4052729815653993,3.4052729815653993,1.159327104520251,0.0,1.159327104520251,1.159327104520251,-168.37095723053906,56.20276438929725,-0.7031082343027517,177.50499802798797,-0.6867757183190665,0.934034384339706,-60.08663860069433,60.091180651285896
5,1,10,0.16814818058679,0.165,3.148180586790006,3.148180586790006,0.28774171851406416,0.0,0.28774171851406416,0.28774171851406416,-166.0107784875934,-3.0282753508374114,2.52866425116971,166.05765013558525,-0.2848632133972261,-0.040598766089451524,-0.05704278841899866,0.293361029554621
5,1,11,0.17875164928997275,0.17473193755006555,4.0197117399072,4.0197117399072,1.2303364191838297,0.0,1.2303364191838297,1.2303364191838297,-164.5591325990143,-61.57984804591612,5.686300105669173,175.79567632905488,-1.1799807876118313,-0.34841097532884996,29.88528619055508,29.906440066213847
5,2,3,0.12408191385309209,0.12641696879770534,-2.335054944613252,2.335054944613252,2.0783842613925985,0.0,2.0783842613925985,2.0783842613925985,-109.83296603368525,224.36090219896454,12.224787174220154,250.10106014318484,-2.0289564623022147,0.4506680780495703,-89.53365993107684,89.54468227171706
5,2,4,0.07808975985854306,0.07786205751198719,0.2277023465558775,0.2277023465558775,1.3002447783560838,0.0,1.3002447783560838,1.3002447783560838,-108.3133005499806,111.50637907933805,8.13615973425419,155.6651558526723,0.8801972622281969,-0.9570586825087146,179.97735389698406,179.98470652764604
5,2,5,0.05513651223692368,0.0525,2.6365122369236826,2.6365122369236826,1.1499483109343869,0.0,1.1499483109343869,1.1499483109343869,-107.31478749637353,-2.305484098354377,5.482590304963675,107.47947556985777,-1.0655937313215103,-0.43233397805319684,-60.05638313529676,60.07038447095782
5,2,6,0.1580925936472395,0.15742061491431167,0.6719787329278193,0.6719787329278193,1.3741918211972262,0.0,1.3741918211972262,1.3741918211972262,-219.7277390327478,225.78832916770125,11.142211537110814,315.25354520881007,0.13955447543594268,1.3670886605573953,0.30628562417704414,1.407548383154573
5,2,7,0.12426592390438107,0.12191185340236611,2.3540705020149573,2.3540705020149573,1.9660877101092056,0.0,1.9660877101092056,1.9660877101092056,-219.74661876241947,109.0996139856637,13.423719929438139,245.70612219902242,-1.4489200900908306,-1.329100466187128,-89.74933405737664,89.78307487683531
5,2,8,0.11237152331584968,0.10750000000000001,4.871523315849668,4.871523315849668,2.350682088940093,0.0,2.350682088940093,2.350682088940093,-219.12991096172397,-4.771675941435682,11.973025503691947,219.50863333612918,2.3423586638464267,-0.19769661008104714,179.82337324185485,179.82745122366921
5,2,9,0.2051846754448895,0.20112185361118767,4.062821833701824,4.062821833701824,1.348263926710385,0.0,1.348263926710385,1.348263926710385,-334.42079109838807,230.66498054482827,4.354176912517049,406.2789160480804,-1.155302442377336,-0.695095220705103,-179.93564964025947,179.94266182413088
5,2,10,0.17849320349591655,0.17473193755006555,3.7612659458509947,3.7612659458509947,0.8127363610502979,0.0,0.8127363610502979,0.8127363610502979,-334.55590904324083,112.75473991484125,7.5849271386205785,353.1271991346899,-0.600318218767463,-0.5478771878800786,-119.90930240044604,119.91383959164766
5,2,11,0.16994800245616742,0.165,4.9480024561674165,4.9480024561674165,1.4684767868797757,0.0,1.4684767868797757,1.4684767868797757,-334.5604315099245,-4.028617701961918,10.740290704683296,334.75702522444027,-0.8558154558616935,-1.1933607559396373,-89.95937368857754,89.97770053921127
5,3,4,0.05552611536319162,0.0575,-1.973884636808386,1.973884636808386,1.6975741378259448,0.0,1.6975741378259448,1.6975741378259448,-0.6411699659405606,-78.98224440698304,-3.6128831884959522,79.06743296341007,1.6892597908588791,-0.16783168491751546,-90.51132178427999,90.5213094639947
5,3,5,0.11189807983371133,0.11500000000000002,-3.1019201662886853,3.1019201662886853,1.8846381757904724,0.0,1.8846381757904724,1.8846381757904724,-1.0263087629711203,-159.04029274272412,-5.8028871538695626,159.14943143061768,-0.949956129779367,-1.627785985660888,29.460011950258654,29.505434533189625
5,3,6,0.054923998583312844,0.055,-0.07600141668715615,0.07600141668715615,0.7300132528033295,0.0,0.7300132528033295,0.7300132528033295,-78.96521662340234,1.454885541848694,-3.0396457660474274,79.03708986737675,-0.6847254907680794,-0.25312724449704516,89.8289790064061,89.82979874057243
5,3,7,0.07970767285414598,0.07956915231419774,0.13852053994824198,0.13852053994824198,1.8643769002296375,0.0,1.8643769002296375,1.8643769002296375,-78.20913388865115,-81.46355779512493,-0.3121185939376492,112.92952355460153,-0.8406601271157604,-1.6641485866945445,-0.25740053059404855,1.8837686658270834
5,3,8,0.12639013808613303,0.12747548783981963,-1.0853497536865986,1.0853497536865986,3.323075804076771,0.0,3.323075804076771,3.323075804076771,-78.8614063496517,-161.85500165287255,-1.3131305091578227,180.04968004201046,3.2571713546221868,-0.6588894759594293,-90.70796414717202,90.73682469152841
5,3,9,0.11254051909164908,0.1125,0.040519091649079964,0.040519091649079964,1.5180508326786797,0.0,1.5180508326786797,1.5180508326786797,-163.57921201672204,5.637141839013204,-11.888629339829482,164.1075119539161,0.4371686066980326,1.4537547778413462,-90.39358964857884,90.40912087210882
5,3,10,0.12467154461220013,0.1263427876849328,-1.671243072732656,1.671243072732656,1.380807143068358,0.0,1.380807143068358,1.380807143068358,-162.07855210938104,-78.25221464776361,-8.207357814528082,180.16721919774614,1.0378151737968755,-0.9108560641061736,-30.400861843638115,30.423224397888685
5,3,11,0.1595443228709538,0.16087650543196172,-1.3321825610079219,1.3321825610079219,2.0088920517053066,0.0,2.0088920517053066,2.0088920517053066,-161.27262263657337,-161.24509214044977,-4.605324470175143,228.1009591495317,-0.3190944886593059,-1.9833977557942304,-0.4614997581503025,2.0624586621712515
5,4,5,0.056383192474153604,0.05750000000000001,-1.1168075258464056,1.1168075258464056,0.2511429652284699,0.0,0.2511429652284699,0.2511429652284699,-1.2356763757341431,1.0649504813920185,-3.5008800541452834,3.862276114789936,-0.14768812853751337,-0.20312827734542657,119.95301284226711,119.95291008766428
5,4,6,0.08009878321550676,0.07956915231419776,0.5296309013090028,0.5296309013090028,1.092106822048109,0.0,1.092106822048109,1.092106822048109,0.7787403663655629,-1.4792140538548297,2.9346478557785716,3.3773760247793816,0.4050091902018971,-1.0142396168874923,-179.67206241308173,179.66849266037661
5,4,7,0.056731562780344885,0.05500000000000001,1.7315627803448779,1.7315627803448779,0.6658633637564116,0.0,0.6658633637564116,0.6658633637564116,2.4955184102767314,-1.5128082734583574,4.3064027228673085,5.2020481946818915,-0.4533077578337803,0.48774077084039297,90.24715107968446,90.25100670450747
5,4,8,0.08114847681142348,0.07956915231419776,1.5793244972257259,1.5793244972257259,1.6440695300483386,0.0,1.6440695300483386,1.6440695300483386,1.3377903673371523,-0.8496779454588294,2.000796564358698,2.5524150465566486,0.7571490194408678,-1.4593882159569869,-0.18492527018482097,1.6533862984308876
5,4,9,0.12931646622704532,0.1263427876849328,2.9736785421125287,2.9736785421125287,2.051014379445736,0.0,2.051014379445736,2.051014379445736,-4.193669343661929,-1.0528292513883042,-4.732290076750467,6.410138950682713,0.26343376456294504,2.0340333803785837,0.09230663772521681,2.0528853356467938
5,4,10,0.11375079449832948,0.1125,1.2507944983294745,1.2507944983294745,0.723081422988249,0.0,0.723081422988249,0.723081422988249,-1.2409138808699982,-1.2180179540610958,-2.4322364895881243,2.9898510560619873,0.6921596228448988,0.20919830241213533,60.10901184187448,60.11169093487547
5,4,11,0.12772334223287182,0.1263427876849328,1.3805545479390335,1.3805545479390335,0.3302386732175366,0.0,0.3302386732175366,0.3302386732175366,0.5839155020336412,-1.2518155578456343,-0.18806483397482143,1.3940473041319483,-0.3140545815985085,-0.10211466836221281,90.04387891170596,90.04407454124618
5,5,6,0.1269586110339385,0.12747548783981963,-0.516876805881139,0.516876805881139,1.2307228197032956,0.0,1.2307228197032956,1.2307228197032956,-96.48944396381201,196.0932527946911,6.738625844185386,218.6508304725051,1.2298723649229861,0.04574873110082587,60.377152177319026,60.38802085204783
5,5,7,0.07916587889824685,0.07956915231419776,-0.40327341595090826,0.40327341595090826,0.8514097137023715,0.0,0.8514097137023715,0.8514097137023715,-95.61241477025351,95.02359027916748,8.083081288885685,135.04278126158695,-0.8514097122789543,4.9246584692478884e-05,-29.702565826085713,29.7144911732433
5,5,8,0.05723780311698538,0.055000000000000014,2.2378031169853623,2.2378031169853623,1.5207123746836366,0.0,1.5207123746836366,1.5207123746836366,-95.58632826300037,-3.215555889830482,5.748505854695218,95.81300157099844,1.4951667224213079,-0.2775969949676728,-120.12864366141969,120.13083231923054
5,5,9,0.16447747537744375,0.16087650543196172,3.6009699454820354,3.6009699454820354,2.0610038272126614,0.0,2.0610038272126614,2.0610038272126614,-198.2095134587791,200.55644145091148,-0.6771676796987203,281.9758074535566,-1.7782525764754045,1.0420668153510957,-119.88578819628837,119.88034378064133
5,5,10,0.12838661995100728,0.1263427876849328,2.0438322660744914,2.0438322660744914,0.7359370419512743,0.0,0.7359370419512743,0.7359370419512743,-196.82380517951182,98.35266361216325,1.5955785723661409,220.0350031152552,-0.08479475310935272,0.7310359565247108,-59.84711669410652,59.85068144856268
5,5,11,0.11487895987949086,0.1125,2.3789598794908553,2.3789598794908553,0.3230155319768706,0.0,0.3230155319768706,0.3230155319768706,-195.88935536452894,-2.809077225878559,3.8123932554998685,195.94658660544775,-0.2714878072973698,-0.17502466583575918,-29.908076767901022,29.910195900307553
5,6,7,0.05923267376954049,0.05750000000000001,1.732673769540484,1.732673769540484,1.4691974369254215,0.0,1.4691974369254215,1.4691974369254215,-0.3896192716614649,-116.68205702546304,2.4170157109133505,116.70773838875064,-0.08125229281480621,-1.4669494252387307,-90.08732428288143,90.09776787900623
5,6,8,0.11556453794773426,0.11500000000000002,0.5645379477342422,0.5645379477342422,2.7335331948728454,0.0,2.7335331948728454,2.7335331948728454,-0.039741625493791566,-230.55918510364245,1.1115708968019167,230.56186806345727,2.4704137512677584,1.1705164644053287,179.51983977897837,179.49474428839204
5,6,9,0.05780055663487815,0.057499999999999996,0.3005566348781574,0.3005566348781574,1.2230238642866895,0.0,1.2230238642866895,1.2230238642866895,-114.48794560513583,5.162450606585444,-8.162567411201028,114.89459557303981,-1.0215120512736842,0.6725685330453398,179.7597034113802,179.76571251128374
5,6,10,0.07989463614254143,0.08131727983645298,-1.4226436939115543,1.4226436939115543,0.6515450945215597,0.0,0.6515450945215597,0.6515450945215597,-115.02294330461203,-112.73818516137096,-4.796538126771832,161.13094878991166,0.6512503667691779,0.019595573871056503,-120.21969321567225,120.22086925891031
5,6,11,0.12833600607588308,0.12857390870623792,-0.23790263035483594,0.23790263035483594,1.4217147373426018,0.0,1.4217147373426018,1.4217147373426018,-115.41956376737622,-229.51283110456004,-1.5053574075445386,256.9048100811002,0.5122682520827186,-1.3262356131126043,-90.29407427238203,90.29691996276705
5,7,8,0.05639332558799337,0.05750000000000001,-1.106674412006639,1.106674412006639,1.595599345771304,0.0,1.595599345771304,1.595599345771304,-0.5201965605645814,-80.17525595155395,-2.7476522654371616,80.2240105226021,1.5866328476156577,0.1689401518956166,-90.4312108571169,90.44457445135563
5,7,9,0.08634531710057548,0.08131727983645298,5.028037264122501,5.028037264122501,2.5991892829360927,0.0,2.5991892829360927,2.5991892829360927,-85.69537213248545,86.84992841446426,-9.011480454731103,122.34301635364697,-1.2301268022574505,2.289842513329207,-90.17844416428218,90.18325236128844
5,7,10,0.05772180003520072,0.05750000000000001,0.22180003520071156,0.22180003520071156,1.3291591094744377,0.0,1.3291591094744377,1.3291591094744377,-83.91188124055941,3.119098215557697,-7.193477821563099,84.27739145332728,0.9292795674434122,0.9503592070452669,-30.131289223218385,30.167612566205833
5,7,11,0.07991604397586571,0.08131727983645298,-1.4012358605872688,1.4012358605872688,0.6048892402293653,0.0,0.6048892402293653,0.6048892402293653,-82.82914760423164,-79.71761489926627,-5.421274331514403,115.08673265606616,0.515645833993575,-0.3162326149600996,-0.20864228158413073,0.639398481718142
5,8,9,0.13380142340952833,0.12857390870623792,5.227514703290415,5.227514703290415,3.5306191738171324,0.0,3.5306191738171324,3.5306191738171324,-5.47703655541179,-0.6352425745788648,-2.897954457322549,6.22893270108052,-0.4880449299645319,3.4967670348042894,0.23132876015532838,3.5391919842562594
5,8,10,0.08353350981224318,0.08131727983645297,2.2162299757902124,2.2162299757902124,2.2446983938364746,0.0,2.2446983938364746,2.2446983938364746,-2.485093413765724,-0.5952802534983787,-2.138747755441983,3.332309982092752,1.5846909831941118,1.5899905864180532,60.29830798721488,60.31417372218473
5,8,11,0.05794839930159787,0.057499999999999996,0.4483993015978738,0.4483993015978738,1.319117633953654,0.0,1.319117633953654,1.319117633953654,-0.6225517674671999,-0.4279375711999933,-1.408353528560169,1.5981742487691892,1.148312921752259,0.6492343213592471,90.22614340490036,90.22720030386782
5,9,10,0.06049672038098778,0.05750000000000001,2.9967203809877705,2.9967203809877705,1.3336099621076958,0.0,1.3336099621076958,1.3336099621076958,2.8326849784088144,-0.24214473217071264,4.4454095514571135,5.276779731844708,-1.2013639772132574,-0.5790416766950571,60.02749375231037,60.0348566859531
5,9,11,0.11986392038505596,0.11500000000000002,4.863920385055939,4.863920385055939,2.353715062258091,0.0,2.353715062258091,2.353715062258091,4.540350991826286,-0.35152359507249764,8.79433488037118,9.903468178117391,-2.348296428489987,0.15966450510185073,89.9552270581067,89.9826862932022
5,10,11,0.05936727069698012,0.057500000000000016,1.867270696980103,1.867270696980103,1.0201502605182864,0.0,1.0201502605182864,1.0201502605182864,1.4835150396411145,-58.51568683806516,2.9733488532250885,58.60995842351646,-0.9128666496431614,-0.45541034621467696,29.940556198819323,29.953907769187207
